time,tavg,tmin,tmax,prcp,snow,wdir,wspd,wpgt,pres,tsun,image_path
2022-01-01,20.8,18.0,24.1,5.3,,,9.7,,1010.2,,images\img_2022-01-01_-23.5505_-46.6333.png
2022-01-02,21.5,17.8,25.8,17.0,,,7.3,,1012.1,,images\img_2022-01-02_-23.5505_-46.6333.png
2022-01-03,21.5,17.7,26.4,14.0,,,7.4,,1011.3,,images\img_2022-01-03_-23.5505_-46.6333.png
2022-01-04,22.1,19.3,25.7,13.4,,,12.2,,1008.3,,images\img_2022-01-04_-23.5505_-46.6333.png
2022-01-05,21.5,19.7,25.2,9.1,,,18.5,,1007.3,,images\img_2022-01-05_-23.5505_-46.6333.png
2022-01-06,20.7,18.6,25.4,16.9,,,14.2,,1009.6,,images\img_2022-01-06_-23.5505_-46.6333.png
2022-01-07,19.1,17.9,21.7,2.7,,,16.9,,1012.5,,images\img_2022-01-07_-23.5505_-46.6333.png
2022-01-08,18.6,16.8,20.8,2.1,,,17.9,,1013.9,,images\img_2022-01-08_-23.5505_-46.6333.png
2022-01-09,17.8,16.1,19.9,2.5,,,16.3,,1014.9,,images\img_2022-01-09_-23.5505_-46.6333.png
2022-01-10,19.0,15.0,24.1,0.9,,,7.5,,1011.6,,images\img_2022-01-10_-23.5505_-46.6333.png
2022-01-11,20.3,17.7,25.9,6.6,,,6.3,,1011.4,,images\img_2022-01-11_-23.5505_-46.6333.png
2022-01-12,21.1,18.1,26.5,21.7,,,7.1,,1013.8,,images\img_2022-01-12_-23.5505_-46.6333.png
2022-01-13,21.7,18.7,26.6,20.0,,,6.4,,1017.5,,images\img_2022-01-13_-23.5505_-46.6333.png
2022-01-14,22.4,19.7,27.7,5.2,,,7.3,,1019.7,,images\img_2022-01-14_-23.5505_-46.6333.png
2022-01-15,22.5,20.1,27.3,2.4,,,7.4,,1018.7,,images\img_2022-01-15_-23.5505_-46.6333.png
2022-01-16,22.0,19.1,27.5,13.6,,,7.1,,1015.2,,images\img_2022-01-16_-23.5505_-46.6333.png
2022-01-17,22.2,17.7,27.3,3.7,,,9.0,,1014.4,,images\img_2022-01-17_-23.5505_-46.6333.png
2022-01-18,22.9,19.0,28.7,14.0,,,7.3,,1016.1,,images\img_2022-01-18_-23.5505_-46.6333.png
2022-01-19,22.7,18.4,29.0,8.8,,,6.2,,1017.4,,images\img_2022-01-19_-23.5505_-46.6333.png
2022-01-20,23.3,20.2,28.5,1.8,,,5.5,,1016.4,,images\img_2022-01-20_-23.5505_-46.6333.png
2022-01-21,22.3,18.4,27.9,0.1,,,8.8,,1015.2,,images\img_2022-01-21_-23.5505_-46.6333.png
2022-01-22,22.0,18.3,28.9,0.1,,,9.0,,1014.9,,images\img_2022-01-22_-23.5505_-46.6333.png
2022-01-23,23.2,18.8,31.1,0.0,,,7.7,,1013.9,,images\img_2022-01-23_-23.5505_-46.6333.png
2022-01-24,23.9,19.9,31.1,2.2,,,8.7,,1013.1,,images\img_2022-01-24_-23.5505_-46.6333.png
2022-01-25,23.6,19.3,30.8,1.8,,,8.5,,1012.7,,images\img_2022-01-25_-23.5505_-46.6333.png
2022-01-26,24.1,19.5,29.5,1.9,,,9.4,,1011.6,,images\img_2022-01-26_-23.5505_-46.6333.png
2022-01-27,23.8,19.7,29.3,1.0,,,13.4,,1010.5,,images\img_2022-01-27_-23.5505_-46.6333.png
2022-01-28,21.0,18.4,25.4,7.8,,,12.5,,1010.5,,images\img_2022-01-28_-23.5505_-46.6333.png
2022-01-29,19.7,18.4,22.8,45.0,,,7.7,,1011.1,,images\img_2022-01-29_-23.5505_-46.6333.png
2022-01-30,20.7,18.2,24.3,25.1,,,13.7,,1011.5,,images\img_2022-01-30_-23.5505_-46.6333.png
2022-01-31,20.4,19.1,23.6,31.7,,,16.9,,1011.6,,images\img_2022-01-31_-23.5505_-46.6333.png
2022-02-01,21.1,19.2,25.5,9.0,,,12.3,,1013.5,,images\img_2022-02-01_-23.5505_-46.6333.png
2022-02-02,21.1,18.0,26.5,4.6,,,8.0,,1015.6,,images\img_2022-02-02_-23.5505_-46.6333.png
2022-02-03,21.2,18.2,26.3,12.0,,,6.3,,1015.0,,images\img_2022-02-03_-23.5505_-46.6333.png
2022-02-04,22.4,19.0,26.5,4.1,,,10.7,,1012.9,,images\img_2022-02-04_-23.5505_-46.6333.png
2022-02-05,22.8,19.8,26.7,7.4,,,12.4,,1011.3,,images\img_2022-02-05_-23.5505_-46.6333.png
2022-02-06,22.5,20.0,27.1,25.9,,,11.5,,1011.7,,images\img_2022-02-06_-23.5505_-46.6333.png
2022-02-07,20.4,17.9,22.6,47.6,,,13.8,,1013.3,,images\img_2022-02-07_-23.5505_-46.6333.png
2022-02-08,19.7,17.1,23.3,1.7,,,14.3,,1013.8,,images\img_2022-02-08_-23.5505_-46.6333.png
2022-02-09,19.0,15.4,23.2,0.8,,,13.3,,1014.3,,images\img_2022-02-09_-23.5505_-46.6333.png
2022-02-10,19.3,15.4,25.0,0.4,,,12.3,,1014.2,,images\img_2022-02-10_-23.5505_-46.6333.png
2022-02-11,19.4,15.5,23.9,1.0,,,12.7,,1014.3,,images\img_2022-02-11_-23.5505_-46.6333.png
2022-02-12,19.9,16.8,24.5,1.7,,,12.1,,1014.5,,images\img_2022-02-12_-23.5505_-46.6333.png
2022-02-13,20.9,16.8,27.4,1.0,,,7.6,,1012.6,,images\img_2022-02-13_-23.5505_-46.6333.png
2022-02-14,22.3,17.8,29.0,0.5,,,7.9,,1011.9,,images\img_2022-02-14_-23.5505_-46.6333.png
2022-02-15,20.5,17.2,24.8,8.3,,,10.3,,1015.1,,images\img_2022-02-15_-23.5505_-46.6333.png
2022-02-16,20.3,16.2,26.1,0.0,,,9.9,,1016.0,,images\img_2022-02-16_-23.5505_-46.6333.png
2022-02-17,20.1,16.8,26.7,26.5,,,9.4,,1013.7,,images\img_2022-02-17_-23.5505_-46.6333.png
2022-02-18,18.7,16.5,22.7,4.8,,,8.0,,1011.6,,images\img_2022-02-18_-23.5505_-46.6333.png
2022-02-19,19.7,16.4,25.6,4.8,,,7.7,,1012.2,,images\img_2022-02-19_-23.5505_-46.6333.png
2022-02-20,21.0,17.6,26.8,15.8,,,7.8,,1014.4,,images\img_2022-02-20_-23.5505_-46.6333.png
2022-02-21,22.3,17.2,28.3,0.4,,,6.4,,1015.7,,images\img_2022-02-21_-23.5505_-46.6333.png
2022-02-22,22.5,16.7,29.0,0.2,,,6.5,,1015.5,,images\img_2022-02-22_-23.5505_-46.6333.png
2022-02-23,22.1,17.2,28.7,7.4,,,7.8,,1014.2,,images\img_2022-02-23_-23.5505_-46.6333.png
2022-02-24,21.8,17.9,27.5,1.5,,,8.2,,1015.8,,images\img_2022-02-24_-23.5505_-46.6333.png
2022-02-25,22.2,17.9,28.9,0.0,,,10.8,,1017.7,,images\img_2022-02-25_-23.5505_-46.6333.png
2022-02-26,21.5,17.1,28.2,0.0,,,9.2,,1017.5,,images\img_2022-02-26_-23.5505_-46.6333.png
2022-02-27,22.3,18.1,28.1,0.6,,,9.1,,1015.5,,images\img_2022-02-27_-23.5505_-46.6333.png
2022-02-28,24.3,18.8,31.1,0.0,,,9.7,,1013.2,,images\img_2022-02-28_-23.5505_-46.6333.png
2022-03-01,24.1,19.9,30.4,0.3,,,10.3,,1013.3,,images\img_2022-03-01_-23.5505_-46.6333.png
2022-03-02,23.9,19.0,30.0,0.4,,,7.6,,1013.9,,images\img_2022-03-02_-23.5505_-46.6333.png
2022-03-03,23.2,17.9,29.2,0.2,,,6.8,,1014.4,,images\img_2022-03-03_-23.5505_-46.6333.png
2022-03-04,22.3,18.7,28.4,2.4,,,5.8,,1015.2,,images\img_2022-03-04_-23.5505_-46.6333.png
2022-03-05,22.9,18.2,29.4,10.7,,,6.2,,1014.2,,images\img_2022-03-05_-23.5505_-46.6333.png
2022-03-06,23.2,18.1,29.5,5.5,,,7.2,,1013.7,,images\img_2022-03-06_-23.5505_-46.6333.png
2022-03-07,23.6,18.2,29.7,1.1,,,5.6,,1013.2,,images\img_2022-03-07_-23.5505_-46.6333.png
2022-03-08,23.8,19.2,30.5,0.4,,,8.3,,1014.2,,images\img_2022-03-08_-23.5505_-46.6333.png
2022-03-09,22.8,19.3,29.0,0.3,,,8.2,,1014.9,,images\img_2022-03-09_-23.5505_-46.6333.png
2022-03-10,24.1,18.3,30.1,0.0,,,6.3,,1012.9,,images\img_2022-03-10_-23.5505_-46.6333.png
2022-03-11,23.8,20.1,29.8,7.8,,,11.1,,1012.3,,images\img_2022-03-11_-23.5505_-46.6333.png
2022-03-12,21.1,19.0,25.5,33.2,,,8.5,,1014.4,,images\img_2022-03-12_-23.5505_-46.6333.png
2022-03-13,21.4,19.4,26.2,16.5,,,5.7,,1015.1,,images\img_2022-03-13_-23.5505_-46.6333.png
2022-03-14,21.3,18.5,26.5,29.5,,,5.1,,1012.9,,images\img_2022-03-14_-23.5505_-46.6333.png
2022-03-15,21.0,18.5,25.3,13.9,,,5.4,,1013.4,,images\img_2022-03-15_-23.5505_-46.6333.png
2022-03-16,21.4,18.4,25.9,17.3,,,5.3,,1014.5,,images\img_2022-03-16_-23.5505_-46.6333.png
2022-03-17,23.2,18.8,28.8,1.0,,,8.6,,1014.2,,images\img_2022-03-17_-23.5505_-46.6333.png
2022-03-18,23.9,19.8,28.7,1.5,,,5.9,,1015.0,,images\img_2022-03-18_-23.5505_-46.6333.png
2022-03-19,22.9,19.6,28.5,3.5,,,8.7,,1014.7,,images\img_2022-03-19_-23.5505_-46.6333.png
2022-03-20,18.9,16.9,20.4,13.2,,,18.7,,1018.4,,images\img_2022-03-20_-23.5505_-46.6333.png
2022-03-21,17.8,15.4,21.6,0.6,,,19.7,,1020.6,,images\img_2022-03-21_-23.5505_-46.6333.png
2022-03-22,17.9,14.1,24.1,0.1,,,16.3,,1019.8,,images\img_2022-03-22_-23.5505_-46.6333.png
2022-03-23,20.5,15.1,26.8,0.3,,,10.2,,1016.8,,images\img_2022-03-23_-23.5505_-46.6333.png
2022-03-24,22.8,17.6,28.5,0.0,,,12.6,,1013.8,,images\img_2022-03-24_-23.5505_-46.6333.png
2022-03-25,24.3,19.9,29.4,0.0,,,12.7,,1011.6,,images\img_2022-03-25_-23.5505_-46.6333.png
2022-03-26,22.8,20.3,27.9,6.3,,,9.7,,1011.9,,images\img_2022-03-26_-23.5505_-46.6333.png
2022-03-27,21.0,18.4,24.6,24.3,,,5.0,,1015.1,,images\img_2022-03-27_-23.5505_-46.6333.png
2022-03-28,20.4,18.8,24.1,12.8,,,9.0,,1017.6,,images\img_2022-03-28_-23.5505_-46.6333.png
2022-03-29,21.0,18.1,25.6,2.7,,,9.1,,1016.0,,images\img_2022-03-29_-23.5505_-46.6333.png
2022-03-30,22.5,17.8,28.1,0.1,,,8.9,,1012.6,,images\img_2022-03-30_-23.5505_-46.6333.png
2022-03-31,19.2,16.7,23.6,7.5,,,13.6,,1016.0,,images\img_2022-03-31_-23.5505_-46.6333.png
2022-04-01,17.3,16.4,19.3,11.6,,,16.0,,1020.2,,images\img_2022-04-01_-23.5505_-46.6333.png
2022-04-02,18.4,16.6,22.0,2.5,,,16.6,,1021.0,,images\img_2022-04-02_-23.5505_-46.6333.png
2022-04-03,20.5,16.3,26.1,1.1,,,14.2,,1018.6,,images\img_2022-04-03_-23.5505_-46.6333.png
2022-04-04,22.8,18.6,28.4,0.7,,,9.1,,1016.1,,images\img_2022-04-04_-23.5505_-46.6333.png
2022-04-05,20.9,18.8,24.3,5.0,,,8.7,,1017.0,,images\img_2022-04-05_-23.5505_-46.6333.png
2022-04-06,19.9,17.7,24.5,0.4,,,10.0,,1017.2,,images\img_2022-04-06_-23.5505_-46.6333.png
2022-04-07,19.1,16.6,24.8,0.1,,,11.2,,1016.7,,images\img_2022-04-07_-23.5505_-46.6333.png
2022-04-08,21.3,16.8,28.7,11.7,,,8.7,,1015.3,,images\img_2022-04-08_-23.5505_-46.6333.png
2022-04-09,21.2,17.2,27.7,1.5,,,8.9,,1014.2,,images\img_2022-04-09_-23.5505_-46.6333.png
2022-04-10,20.2,17.7,24.5,0.2,,,8.5,,1014.7,,images\img_2022-04-10_-23.5505_-46.6333.png
2022-04-11,20.9,16.9,27.6,0.0,,,9.7,,1014.0,,images\img_2022-04-11_-23.5505_-46.6333.png
2022-04-12,21.9,18.2,28.2,3.6,,,9.5,,1012.0,,images\img_2022-04-12_-23.5505_-46.6333.png
2022-04-13,20.9,17.3,26.5,12.4,,,8.7,,1012.2,,images\img_2022-04-13_-23.5505_-46.6333.png
2022-04-14,19.2,16.2,23.1,2.2,,,12.0,,1013.2,,images\img_2022-04-14_-23.5505_-46.6333.png
2022-04-15,15.3,12.2,18.4,0.8,,,15.4,,1017.0,,images\img_2022-04-15_-23.5505_-46.6333.png
2022-04-16,15.1,11.1,19.4,0.6,,,9.9,,1019.1,,images\img_2022-04-16_-23.5505_-46.6333.png
2022-04-17,15.5,13.3,19.7,0.3,,,10.8,,1020.1,,images\img_2022-04-17_-23.5505_-46.6333.png
2022-04-18,15.7,12.8,20.6,0.0,,,11.5,,1020.0,,images\img_2022-04-18_-23.5505_-46.6333.png
2022-04-19,16.9,12.1,23.6,0.3,,,9.0,,1019.1,,images\img_2022-04-19_-23.5505_-46.6333.png
2022-04-20,17.9,15.1,23.7,0.1,,,9.6,,1019.0,,images\img_2022-04-20_-23.5505_-46.6333.png
2022-04-21,18.3,14.5,25.4,0.0,,,7.4,,1015.9,,images\img_2022-04-21_-23.5505_-46.6333.png
2022-04-22,19.5,12.9,27.6,0.1,,,7.9,,1011.2,,images\img_2022-04-22_-23.5505_-46.6333.png
2022-04-23,21.7,17.6,26.5,0.0,,,21.7,,1011.1,,images\img_2022-04-23_-23.5505_-46.6333.png
2022-04-24,19.2,15.3,25.5,0.0,,,8.9,,1018.4,,images\img_2022-04-24_-23.5505_-46.6333.png
2022-04-25,20.3,17.0,26.5,0.0,,,11.9,,1018.9,,images\img_2022-04-25_-23.5505_-46.6333.png
2022-04-26,21.4,16.4,28.9,0.0,,,6.4,,1016.9,,images\img_2022-04-26_-23.5505_-46.6333.png
2022-04-27,22.0,15.0,29.7,0.0,,,8.9,,1015.6,,images\img_2022-04-27_-23.5505_-46.6333.png
2022-04-28,22.7,16.6,29.4,0.0,,,9.1,,1016.5,,images\img_2022-04-28_-23.5505_-46.6333.png
2022-04-29,19.4,16.9,23.5,10.7,,,12.7,,1019.8,,images\img_2022-04-29_-23.5505_-46.6333.png
2022-04-30,18.4,17.3,21.0,1.9,,,13.8,,1019.7,,images\img_2022-04-30_-23.5505_-46.6333.png
2022-05-01,21.3,16.9,27.6,0.0,,,10.1,,1015.3,,images\img_2022-05-01_-23.5505_-46.6333.png
2022-05-02,20.8,16.1,26.9,0.2,,,6.5,,1015.9,,images\img_2022-05-02_-23.5505_-46.6333.png
2022-05-03,22.2,16.5,28.9,0.0,,,11.7,,1013.3,,images\img_2022-05-03_-23.5505_-46.6333.png
2022-05-04,17.8,13.5,20.4,4.8,,,18.8,,1012.0,,images\img_2022-05-04_-23.5505_-46.6333.png
2022-05-05,15.0,11.2,18.3,0.6,,,15.6,,1017.9,,images\img_2022-05-05_-23.5505_-46.6333.png
2022-05-06,15.6,12.7,19.8,0.0,,,11.4,,1022.4,,images\img_2022-05-06_-23.5505_-46.6333.png
2022-05-07,14.5,12.1,18.3,0.0,,,12.2,,1023.2,,images\img_2022-05-07_-23.5505_-46.6333.png
2022-05-08,16.4,13.4,21.5,0.0,,,13.1,,1021.9,,images\img_2022-05-08_-23.5505_-46.6333.png
2022-05-09,17.0,14.0,22.6,0.0,,,11.7,,1021.3,,images\img_2022-05-09_-23.5505_-46.6333.png
2022-05-10,16.6,12.8,23.1,0.0,,,8.6,,1018.5,,images\img_2022-05-10_-23.5505_-46.6333.png
2022-05-11,18.4,13.8,24.4,2.1,,,11.7,,1014.6,,images\img_2022-05-11_-23.5505_-46.6333.png
2022-05-12,17.1,15.2,21.1,0.4,,,9.8,,1016.9,,images\img_2022-05-12_-23.5505_-46.6333.png
2022-05-13,17.2,13.9,22.5,0.0,,,10.1,,1019.2,,images\img_2022-05-13_-23.5505_-46.6333.png
2022-05-14,18.1,15.0,24.3,0.0,,,10.6,,1018.1,,images\img_2022-05-14_-23.5505_-46.6333.png
2022-05-15,18.3,14.7,22.7,3.3,,,13.9,,1013.8,,images\img_2022-05-15_-23.5505_-46.6333.png
2022-05-16,17.1,14.6,21.5,0.0,,,13.7,,1015.4,,images\img_2022-05-16_-23.5505_-46.6333.png
2022-05-17,13.6,9.4,17.3,0.2,,,15.8,,1015.4,,images\img_2022-05-17_-23.5505_-46.6333.png
2022-05-18,9.9,6.1,14.7,0.0,,,30.8,,1014.2,,images\img_2022-05-18_-23.5505_-46.6333.png
2022-05-19,10.6,6.8,16.1,0.0,,,16.0,,1017.0,,images\img_2022-05-19_-23.5505_-46.6333.png
2022-05-20,11.3,6.0,16.9,0.0,,,5.4,,1021.4,,images\img_2022-05-20_-23.5505_-46.6333.png
2022-05-21,12.9,9.6,19.0,0.0,,,7.6,,1023.8,,images\img_2022-05-21_-23.5505_-46.6333.png
2022-05-22,14.1,9.7,21.0,0.0,,,8.6,,1022.8,,images\img_2022-05-22_-23.5505_-46.6333.png
2022-05-23,15.2,9.4,23.0,0.0,,,7.6,,1020.8,,images\img_2022-05-23_-23.5505_-46.6333.png
2022-05-24,15.9,10.4,22.9,0.0,,,10.2,,1021.7,,images\img_2022-05-24_-23.5505_-46.6333.png
2022-05-25,16.3,9.8,23.6,0.0,,,8.9,,1022.8,,images\img_2022-05-25_-23.5505_-46.6333.png
2022-05-26,16.9,10.0,24.0,0.0,,,7.9,,1022.3,,images\img_2022-05-26_-23.5505_-46.6333.png
2022-05-27,18.3,11.0,25.0,0.0,,,6.5,,1020.9,,images\img_2022-05-27_-23.5505_-46.6333.png
2022-05-28,17.9,12.3,25.1,0.0,,,8.3,,1017.4,,images\img_2022-05-28_-23.5505_-46.6333.png
2022-05-29,19.5,14.1,25.8,0.0,,,16.3,,1013.9,,images\img_2022-05-29_-23.5505_-46.6333.png
2022-05-30,21.1,17.0,26.4,0.0,,,15.3,,1012.1,,images\img_2022-05-30_-23.5505_-46.6333.png
2022-05-31,16.1,14.9,18.6,9.7,,,14.5,,1017.3,,images\img_2022-05-31_-23.5505_-46.6333.png
2022-06-01,17.3,15.1,22.1,2.4,,,8.4,,1016.4,,images\img_2022-06-01_-23.5505_-46.6333.png
2022-06-02,18.2,14.8,26.3,0.3,,,8.3,,1015.3,,images\img_2022-06-02_-23.5505_-46.6333.png
2022-06-03,15.0,13.3,17.4,1.2,,,14.1,,1020.8,,images\img_2022-06-03_-23.5505_-46.6333.png
2022-06-04,15.0,13.3,19.4,0.0,,,14.3,,1022.6,,images\img_2022-06-04_-23.5505_-46.6333.png
2022-06-05,15.7,12.7,20.7,0.0,,,11.0,,1021.0,,images\img_2022-06-05_-23.5505_-46.6333.png
2022-06-06,17.0,11.3,24.6,0.0,,,7.9,,1017.1,,images\img_2022-06-06_-23.5505_-46.6333.png
2022-06-07,18.0,14.3,24.8,3.1,,,11.2,,1014.1,,images\img_2022-06-07_-23.5505_-46.6333.png
2022-06-08,16.1,13.4,18.7,2.9,,,7.6,,1016.0,,images\img_2022-06-08_-23.5505_-46.6333.png
2022-06-09,16.1,12.7,20.8,0.0,,,5.1,,1017.9,,images\img_2022-06-09_-23.5505_-46.6333.png
2022-06-10,16.9,14.1,21.1,14.3,,,12.6,,1016.7,,images\img_2022-06-10_-23.5505_-46.6333.png
2022-06-11,14.5,11.9,17.9,1.1,,,6.6,,1018.7,,images\img_2022-06-11_-23.5505_-46.6333.png
2022-06-12,12.1,8.3,17.5,0.0,,,7.0,,1019.7,,images\img_2022-06-12_-23.5505_-46.6333.png
2022-06-13,10.9,6.5,16.1,0.0,,,9.6,,1023.1,,images\img_2022-06-13_-23.5505_-46.6333.png
2022-06-14,12.5,9.4,17.6,0.0,,,10.0,,1023.3,,images\img_2022-06-14_-23.5505_-46.6333.png
2022-06-15,13.5,10.4,19.4,0.2,,,8.6,,1021.8,,images\img_2022-06-15_-23.5505_-46.6333.png
2022-06-16,15.2,9.5,23.3,0.0,,,5.4,,1018.4,,images\img_2022-06-16_-23.5505_-46.6333.png
2022-06-17,16.6,8.4,23.7,0.0,,,13.0,,1013.3,,images\img_2022-06-17_-23.5505_-46.6333.png
2022-06-18,15.4,13.0,17.5,7.1,,,14.3,,1017.9,,images\img_2022-06-18_-23.5505_-46.6333.png
2022-06-19,14.3,12.4,19.6,0.4,,,12.9,,1022.0,,images\img_2022-06-19_-23.5505_-46.6333.png
2022-06-20,14.3,12.2,18.0,12.9,,,6.0,,1021.2,,images\img_2022-06-20_-23.5505_-46.6333.png
2022-06-21,17.2,12.1,24.5,0.0,,,10.2,,1018.7,,images\img_2022-06-21_-23.5505_-46.6333.png
2022-06-22,18.7,14.9,24.6,0.0,,,14.4,,1016.9,,images\img_2022-06-22_-23.5505_-46.6333.png
2022-06-23,18.6,13.9,25.4,0.0,,,11.1,,1018.1,,images\img_2022-06-23_-23.5505_-46.6333.png
2022-06-24,17.9,12.7,24.5,0.0,,,4.3,,1019.4,,images\img_2022-06-24_-23.5505_-46.6333.png
2022-06-25,15.3,12.1,20.5,0.2,,,10.9,,1021.5,,images\img_2022-06-25_-23.5505_-46.6333.png
2022-06-26,14.4,12.8,16.8,0.4,,,14.3,,1022.8,,images\img_2022-06-26_-23.5505_-46.6333.png
2022-06-27,14.4,11.7,19.8,0.0,,,11.8,,1021.7,,images\img_2022-06-27_-23.5505_-46.6333.png
2022-06-28,15.4,8.1,23.3,0.0,,,8.7,,1018.7,,images\img_2022-06-28_-23.5505_-46.6333.png
2022-06-29,17.3,13.2,23.3,0.0,,,16.9,,1016.4,,images\img_2022-06-29_-23.5505_-46.6333.png
2022-06-30,15.3,11.5,21.5,0.0,,,6.7,,1019.2,,images\img_2022-06-30_-23.5505_-46.6333.png
2022-07-01,14.1,8.9,21.8,0.0,,,8.3,,1019.7,,images\img_2022-07-01_-23.5505_-46.6333.png
2022-07-02,17.6,11.9,25.7,0.0,,,11.6,,1020.1,,images\img_2022-07-02_-23.5505_-46.6333.png
2022-07-03,17.4,10.2,25.3,0.0,,,6.3,,1022.9,,images\img_2022-07-03_-23.5505_-46.6333.png
2022-07-04,17.8,10.7,25.0,0.0,,,6.2,,1021.7,,images\img_2022-07-04_-23.5505_-46.6333.png
2022-07-05,16.7,11.8,23.7,0.0,,,10.8,,1020.0,,images\img_2022-07-05_-23.5505_-46.6333.png
2022-07-06,16.2,9.6,24.2,0.0,,,8.4,,1019.2,,images\img_2022-07-06_-23.5505_-46.6333.png
2022-07-07,17.8,13.0,24.3,0.0,,,11.3,,1019.7,,images\img_2022-07-07_-23.5505_-46.6333.png
2022-07-08,16.9,10.0,23.8,0.0,,,5.8,,1023.1,,images\img_2022-07-08_-23.5505_-46.6333.png
2022-07-09,15.8,11.0,22.6,0.0,,,8.3,,1023.6,,images\img_2022-07-09_-23.5505_-46.6333.png
2022-07-10,16.6,11.4,24.3,0.0,,,9.5,,1020.2,,images\img_2022-07-10_-23.5505_-46.6333.png
2022-07-11,17.8,12.9,24.1,0.0,,,14.4,,1015.8,,images\img_2022-07-11_-23.5505_-46.6333.png
2022-07-12,19.4,15.1,25.4,0.0,,,20.7,,1016.2,,images\img_2022-07-12_-23.5505_-46.6333.png
2022-07-13,15.1,13.9,17.0,0.0,,,15.6,,1022.4,,images\img_2022-07-13_-23.5505_-46.6333.png
2022-07-14,18.2,14.5,24.2,0.0,,,14.5,,1019.7,,images\img_2022-07-14_-23.5505_-46.6333.png
2022-07-15,19.2,14.3,26.2,0.0,,,13.1,,1016.1,,images\img_2022-07-15_-23.5505_-46.6333.png
2022-07-16,20.2,14.9,26.4,0.0,,,15.3,,1014.6,,images\img_2022-07-16_-23.5505_-46.6333.png
2022-07-17,19.2,15.2,26.9,0.0,,,12.9,,1019.5,,images\img_2022-07-17_-23.5505_-46.6333.png
2022-07-18,17.4,14.7,23.4,0.0,,,14.1,,1023.8,,images\img_2022-07-18_-23.5505_-46.6333.png
2022-07-19,18.9,15.5,24.8,0.0,,,9.6,,1023.2,,images\img_2022-07-19_-23.5505_-46.6333.png
2022-07-20,17.1,15.1,22.2,0.0,,,13.4,,1022.6,,images\img_2022-07-20_-23.5505_-46.6333.png
2022-07-21,18.0,14.6,24.4,0.0,,,7.6,,1019.9,,images\img_2022-07-21_-23.5505_-46.6333.png
2022-07-22,17.6,12.3,25.1,0.0,,,5.4,,1018.8,,images\img_2022-07-22_-23.5505_-46.6333.png
2022-07-23,18.0,11.4,25.2,0.0,,,4.7,,1018.7,,images\img_2022-07-23_-23.5505_-46.6333.png
2022-07-24,17.8,11.4,25.2,0.0,,,7.7,,1020.0,,images\img_2022-07-24_-23.5505_-46.6333.png
2022-07-25,17.5,11.6,25.1,0.0,,,7.1,,1020.8,,images\img_2022-07-25_-23.5505_-46.6333.png
2022-07-26,16.5,11.1,23.9,0.0,,,9.7,,1021.7,,images\img_2022-07-26_-23.5505_-46.6333.png
2022-07-27,17.5,13.6,25.2,0.0,,,8.0,,1020.1,,images\img_2022-07-27_-23.5505_-46.6333.png
2022-07-28,18.7,11.7,25.9,0.0,,,11.5,,1014.2,,images\img_2022-07-28_-23.5505_-46.6333.png
2022-07-29,17.1,11.6,23.2,3.7,,,13.3,,1013.1,,images\img_2022-07-29_-23.5505_-46.6333.png
2022-07-30,12.3,8.8,17.1,0.0,,,9.2,,1019.5,,images\img_2022-07-30_-23.5505_-46.6333.png
2022-07-31,12.6,7.8,20.7,0.0,,,8.5,,1020.8,,images\img_2022-07-31_-23.5505_-46.6333.png
2022-08-01,16.5,10.0,25.8,0.0,,,7.9,,1018.3,,images\img_2022-08-01_-23.5505_-46.6333.png
2022-08-02,17.5,11.6,25.2,0.0,,,7.5,,1018.6,,images\img_2022-08-02_-23.5505_-46.6333.png
2022-08-03,16.7,11.2,24.6,0.0,,,9.0,,1018.6,,images\img_2022-08-03_-23.5505_-46.6333.png
2022-08-04,19.2,11.5,27.8,0.0,,,11.0,,1014.1,,images\img_2022-08-04_-23.5505_-46.6333.png
2022-08-05,19.1,13.3,28.3,0.2,,,15.9,,1014.4,,images\img_2022-08-05_-23.5505_-46.6333.png
2022-08-06,15.3,11.7,21.4,0.0,,,15.0,,1018.6,,images\img_2022-08-06_-23.5505_-46.6333.png
2022-08-07,18.0,14.4,23.7,0.2,,,10.6,,1015.7,,images\img_2022-08-07_-23.5505_-46.6333.png
2022-08-08,17.4,15.3,21.1,6.4,,,11.5,,1017.4,,images\img_2022-08-08_-23.5505_-46.6333.png
2022-08-09,17.0,14.8,22.1,8.6,,,10.6,,1018.2,,images\img_2022-08-09_-23.5505_-46.6333.png
2022-08-10,14.3,10.1,16.6,10.1,,,26.5,,1014.5,,images\img_2022-08-10_-23.5505_-46.6333.png
2022-08-11,12.5,10.4,15.3,1.6,,,18.5,,1021.9,,images\img_2022-08-11_-23.5505_-46.6333.png
2022-08-12,13.7,10.9,18.9,0.0,,,13.7,,1024.3,,images\img_2022-08-12_-23.5505_-46.6333.png
2022-08-13,15.4,10.2,23.8,0.0,,,12.3,,1023.1,,images\img_2022-08-13_-23.5505_-46.6333.png
2022-08-14,16.3,9.8,24.0,0.0,,,10.2,,1020.1,,images\img_2022-08-14_-23.5505_-46.6333.png
2022-08-15,18.4,12.4,25.9,0.0,,,12.7,,1015.4,,images\img_2022-08-15_-23.5505_-46.6333.png
2022-08-16,20.3,14.7,28.0,0.0,,,13.9,,1013.7,,images\img_2022-08-16_-23.5505_-46.6333.png
2022-08-17,18.5,13.5,26.3,0.2,,,11.1,,1014.7,,images\img_2022-08-17_-23.5505_-46.6333.png
2022-08-18,21.0,15.8,28.5,0.0,,,17.8,,1012.5,,images\img_2022-08-18_-23.5505_-46.6333.png
2022-08-19,10.8,8.3,17.2,3.5,,,20.7,,1027.0,,images\img_2022-08-19_-23.5505_-46.6333.png
2022-08-20,10.8,8.6,13.4,0.0,,,19.3,,1029.4,,images\img_2022-08-20_-23.5505_-46.6333.png
2022-08-21,12.3,8.5,18.8,0.0,,,14.2,,1026.9,,images\img_2022-08-21_-23.5505_-46.6333.png
2022-08-22,12.9,9.1,19.4,0.0,,,12.6,,1024.9,,images\img_2022-08-22_-23.5505_-46.6333.png
2022-08-23,14.1,9.7,21.4,0.0,,,11.5,,1024.3,,images\img_2022-08-23_-23.5505_-46.6333.png
2022-08-24,16.2,12.2,23.3,0.0,,,10.8,,1023.1,,images\img_2022-08-24_-23.5505_-46.6333.png
2022-08-25,17.6,13.0,25.3,0.0,,,8.7,,1021.7,,images\img_2022-08-25_-23.5505_-46.6333.png
2022-08-26,19.1,13.0,26.1,0.0,,,7.7,,1020.1,,images\img_2022-08-26_-23.5505_-46.6333.png
2022-08-27,19.7,13.0,27.4,0.0,,,8.5,,1017.5,,images\img_2022-08-27_-23.5505_-46.6333.png
2022-08-28,18.4,12.6,28.4,0.4,,,14.2,,1019.2,,images\img_2022-08-28_-23.5505_-46.6333.png
2022-08-29,12.0,9.5,14.8,0.0,,,24.4,,1027.4,,images\img_2022-08-29_-23.5505_-46.6333.png
2022-08-30,12.0,9.4,16.0,0.2,,,19.7,,1027.3,,images\img_2022-08-30_-23.5505_-46.6333.png
2022-08-31,13.5,10.1,20.7,0.0,,,15.6,,1024.4,,images\img_2022-08-31_-23.5505_-46.6333.png
2022-09-01,16.0,7.9,25.0,0.0,,,8.8,,1019.4,,images\img_2022-09-01_-23.5505_-46.6333.png
2022-09-02,19.3,11.7,28.2,0.0,,,11.6,,1016.7,,images\img_2022-09-02_-23.5505_-46.6333.png
2022-09-03,15.8,11.6,21.6,3.7,,,14.6,,1019.3,,images\img_2022-09-03_-23.5505_-46.6333.png
2022-09-04,12.0,10.0,14.2,7.4,,,19.3,,1024.8,,images\img_2022-09-04_-23.5505_-46.6333.png
2022-09-05,14.2,11.4,21.9,1.1,,,17.5,,1025.1,,images\img_2022-09-05_-23.5505_-46.6333.png
2022-09-06,16.1,13.0,22.9,0.0,,,16.0,,1024.2,,images\img_2022-09-06_-23.5505_-46.6333.png
2022-09-07,17.1,13.3,25.0,6.9,,,13.1,,1018.8,,images\img_2022-09-07_-23.5505_-46.6333.png
2022-09-08,20.3,12.2,28.8,0.0,,,9.9,,1015.2,,images\img_2022-09-08_-23.5505_-46.6333.png
2022-09-09,23.2,16.5,31.0,0.0,,,8.6,,1014.9,,images\img_2022-09-09_-23.5505_-46.6333.png
2022-09-10,20.0,14.3,28.9,0.0,,,15.3,,1016.7,,images\img_2022-09-10_-23.5505_-46.6333.png
2022-09-11,13.5,11.2,16.9,2.6,,,16.8,,1020.8,,images\img_2022-09-11_-23.5505_-46.6333.png
2022-09-12,16.7,12.4,23.3,0.0,,,13.4,,1016.7,,images\img_2022-09-12_-23.5505_-46.6333.png
2022-09-13,19.8,13.9,28.8,2.6,,,8.7,,1013.2,,images\img_2022-09-13_-23.5505_-46.6333.png
2022-09-14,16.7,14.0,19.5,12.6,,,11.5,,1017.1,,images\img_2022-09-14_-23.5505_-46.6333.png
2022-09-15,14.9,13.7,17.2,2.7,,,14.0,,1020.4,,images\img_2022-09-15_-23.5505_-46.6333.png
2022-09-16,13.9,12.3,15.6,1.0,,,16.5,,1022.1,,images\img_2022-09-16_-23.5505_-46.6333.png
2022-09-17,13.0,10.8,17.2,0.2,,,17.3,,1022.9,,images\img_2022-09-17_-23.5505_-46.6333.png
2022-09-18,13.5,8.0,20.6,0.0,,,14.3,,1020.2,,images\img_2022-09-18_-23.5505_-46.6333.png
2022-09-19,15.3,9.5,24.5,0.0,,,11.4,,1015.9,,images\img_2022-09-19_-23.5505_-46.6333.png
2022-09-20,17.9,11.9,25.9,5.5,,,9.8,,1012.8,,images\img_2022-09-20_-23.5505_-46.6333.png
2022-09-21,17.2,13.0,23.1,4.2,,,10.9,,1012.7,,images\img_2022-09-21_-23.5505_-46.6333.png
2022-09-22,19.0,14.4,24.5,10.5,,,15.5,,1010.5,,images\img_2022-09-22_-23.5505_-46.6333.png
2022-09-23,15.0,9.1,20.4,0.0,,,11.5,,1016.0,,images\img_2022-09-23_-23.5505_-46.6333.png
2022-09-24,12.0,7.1,18.2,0.0,,,12.2,,1020.7,,images\img_2022-09-24_-23.5505_-46.6333.png
2022-09-25,14.3,8.8,21.6,0.0,,,13.4,,1019.0,,images\img_2022-09-25_-23.5505_-46.6333.png
2022-09-26,16.9,12.8,23.6,7.1,,,10.1,,1017.9,,images\img_2022-09-26_-23.5505_-46.6333.png
2022-09-27,17.4,14.1,21.1,9.7,,,7.7,,1017.6,,images\img_2022-09-27_-23.5505_-46.6333.png
2022-09-28,14.8,12.6,17.0,18.8,,,14.1,,1019.9,,images\img_2022-09-28_-23.5505_-46.6333.png
2022-09-29,14.2,12.5,17.0,1.6,,,18.7,,1021.6,,images\img_2022-09-29_-23.5505_-46.6333.png
2022-09-30,15.1,12.8,19.3,12.0,,,15.8,,1020.9,,images\img_2022-09-30_-23.5505_-46.6333.png
2022-10-01,16.8,13.9,21.6,11.9,,,8.9,,1018.8,,images\img_2022-10-01_-23.5505_-46.6333.png
2022-10-02,16.5,13.2,21.3,0.0,,,9.5,,1018.6,,images\img_2022-10-02_-23.5505_-46.6333.png
2022-10-03,16.2,12.6,21.7,16.8,,,11.6,,1016.8,,images\img_2022-10-03_-23.5505_-46.6333.png
2022-10-04,16.8,15.1,19.7,0.7,,,11.9,,1015.2,,images\img_2022-10-04_-23.5505_-46.6333.png
2022-10-05,17.9,15.5,23.8,0.1,,,11.2,,1016.3,,images\img_2022-10-05_-23.5505_-46.6333.png
2022-10-06,21.0,15.0,28.9,4.0,,,13.4,,1013.0,,images\img_2022-10-06_-23.5505_-46.6333.png
2022-10-07,19.8,14.9,22.6,4.7,,,20.7,,1010.5,,images\img_2022-10-07_-23.5505_-46.6333.png
2022-10-08,18.3,13.1,25.5,0.0,,,6.9,,1013.5,,images\img_2022-10-08_-23.5505_-46.6333.png
2022-10-09,18.6,12.1,26.8,28.8,,,7.9,,1015.6,,images\img_2022-10-09_-23.5505_-46.6333.png
2022-10-10,18.3,15.5,22.5,8.7,,,8.5,,1020.5,,images\img_2022-10-10_-23.5505_-46.6333.png
2022-10-11,20.9,16.3,27.6,3.9,,,8.7,,1018.5,,images\img_2022-10-11_-23.5505_-46.6333.png
2022-10-12,21.6,17.3,27.8,2.4,,,7.6,,1016.3,,images\img_2022-10-12_-23.5505_-46.6333.png
2022-10-13,21.3,16.7,29.5,0.0,,,11.1,,1017.2,,images\img_2022-10-13_-23.5505_-46.6333.png
2022-10-14,18.8,15.6,24.9,1.1,,,13.4,,1021.1,,images\img_2022-10-14_-23.5505_-46.6333.png
2022-10-15,18.5,16.1,22.0,1.1,,,17.6,,1022.8,,images\img_2022-10-15_-23.5505_-46.6333.png
2022-10-16,18.7,14.8,25.7,25.2,,,9.5,,1017.6,,images\img_2022-10-16_-23.5505_-46.6333.png
2022-10-17,19.1,16.1,25.3,0.2,,,8.2,,1016.6,,images\img_2022-10-17_-23.5505_-46.6333.png
2022-10-18,18.2,16.2,21.6,2.9,,,14.5,,1019.6,,images\img_2022-10-18_-23.5505_-46.6333.png
2022-10-19,19.9,17.1,24.9,8.8,,,8.7,,1017.5,,images\img_2022-10-19_-23.5505_-46.6333.png
2022-10-20,21.5,14.0,29.1,0.0,,,7.9,,1013.0,,images\img_2022-10-20_-23.5505_-46.6333.png
2022-10-21,21.0,19.1,24.7,5.5,,,17.1,,1009.8,,images\img_2022-10-21_-23.5505_-46.6333.png
2022-10-22,19.4,15.9,25.1,7.0,,,13.4,,1014.3,,images\img_2022-10-22_-23.5505_-46.6333.png
2022-10-23,17.9,14.7,24.6,0.1,,,11.7,,1017.9,,images\img_2022-10-23_-23.5505_-46.6333.png
2022-10-24,18.4,14.7,23.4,2.0,,,13.6,,1017.0,,images\img_2022-10-24_-23.5505_-46.6333.png
2022-10-25,18.0,14.5,23.6,0.0,,,13.5,,1017.3,,images\img_2022-10-25_-23.5505_-46.6333.png
2022-10-26,19.5,14.3,27.3,0.0,,,10.3,,1014.7,,images\img_2022-10-26_-23.5505_-46.6333.png
2022-10-27,23.2,15.3,31.5,0.0,,,12.0,,1012.0,,images\img_2022-10-27_-23.5505_-46.6333.png
2022-10-28,20.8,17.0,27.9,12.6,,,7.9,,1014.1,,images\img_2022-10-28_-23.5505_-46.6333.png
2022-10-29,22.2,15.6,29.2,0.0,,,7.3,,1012.2,,images\img_2022-10-29_-23.5505_-46.6333.png
2022-10-30,22.5,17.9,28.3,1.1,,,13.0,,1009.3,,images\img_2022-10-30_-23.5505_-46.6333.png
2022-10-31,21.4,18.3,26.2,32.7,,,18.6,,1010.4,,images\img_2022-10-31_-23.5505_-46.6333.png
2022-11-01,15.5,13.1,18.2,8.6,,,24.4,,1019.0,,images\img_2022-11-01_-23.5505_-46.6333.png
2022-11-02,12.6,11.6,13.7,3.6,,,22.0,,1023.9,,images\img_2022-11-02_-23.5505_-46.6333.png
2022-11-03,12.8,10.3,15.6,0.9,,,18.3,,1023.5,,images\img_2022-11-03_-23.5505_-46.6333.png
2022-11-04,12.8,8.4,17.7,0.2,,,12.9,,1021.3,,images\img_2022-11-04_-23.5505_-46.6333.png
2022-11-05,13.8,10.0,17.7,0.7,,,11.9,,1020.7,,images\img_2022-11-05_-23.5505_-46.6333.png
2022-11-06,14.1,10.5,18.2,0.1,,,11.9,,1020.8,,images\img_2022-11-06_-23.5505_-46.6333.png
2022-11-07,14.3,11.8,16.8,0.6,,,11.5,,1019.6,,images\img_2022-11-07_-23.5505_-46.6333.png
2022-11-08,14.9,10.8,21.5,0.0,,,8.5,,1018.5,,images\img_2022-11-08_-23.5505_-46.6333.png
2022-11-09,17.2,11.6,26.0,2.4,,,10.9,,1016.1,,images\img_2022-11-09_-23.5505_-46.6333.png
2022-11-10,19.0,14.8,25.8,0.2,,,12.1,,1016.1,,images\img_2022-11-10_-23.5505_-46.6333.png
2022-11-11,19.7,15.9,27.0,1.0,,,13.2,,1015.1,,images\img_2022-11-11_-23.5505_-46.6333.png
2022-11-12,19.7,16.8,24.8,3.3,,,10.1,,1013.5,,images\img_2022-11-12_-23.5505_-46.6333.png
2022-11-13,20.7,15.5,29.0,0.0,,,7.3,,1013.0,,images\img_2022-11-13_-23.5505_-46.6333.png
2022-11-14,21.9,17.9,28.1,8.7,,,12.2,,1011.7,,images\img_2022-11-14_-23.5505_-46.6333.png
2022-11-15,20.5,15.7,27.4,0.6,,,9.6,,1014.8,,images\img_2022-11-15_-23.5505_-46.6333.png
2022-11-16,18.6,14.7,24.2,0.0,,,14.0,,1017.6,,images\img_2022-11-16_-23.5505_-46.6333.png
2022-11-17,17.2,11.6,23.0,0.0,,,13.8,,1018.5,,images\img_2022-11-17_-23.5505_-46.6333.png
2022-11-18,17.0,13.2,22.2,0.0,,,14.7,,1018.2,,images\img_2022-11-18_-23.5505_-46.6333.png
2022-11-19,17.3,11.8,24.7,0.0,,,14.2,,1017.5,,images\img_2022-11-19_-23.5505_-46.6333.png
2022-11-20,19.5,14.1,26.9,0.8,,,10.4,,1016.4,,images\img_2022-11-20_-23.5505_-46.6333.png
2022-11-21,20.9,15.5,27.9,0.4,,,9.6,,1014.8,,images\img_2022-11-21_-23.5505_-46.6333.png
2022-11-22,22.6,16.5,30.4,0.2,,,8.1,,1013.1,,images\img_2022-11-22_-23.5505_-46.6333.png
2022-11-23,21.2,17.2,28.4,25.8,,,8.8,,1012.3,,images\img_2022-11-23_-23.5505_-46.6333.png
2022-11-24,18.9,16.1,22.8,7.9,,,11.4,,1013.1,,images\img_2022-11-24_-23.5505_-46.6333.png
2022-11-25,17.2,14.1,20.4,2.3,,,16.5,,1015.3,,images\img_2022-11-25_-23.5505_-46.6333.png
2022-11-26,17.6,13.0,24.3,6.4,,,6.8,,1014.7,,images\img_2022-11-26_-23.5505_-46.6333.png
2022-11-27,18.4,14.3,23.1,5.5,,,14.1,,1013.8,,images\img_2022-11-27_-23.5505_-46.6333.png
2022-11-28,19.0,16.6,22.9,8.8,,,8.5,,1009.3,,images\img_2022-11-28_-23.5505_-46.6333.png
2022-11-29,19.3,17.2,23.6,24.3,,,7.6,,1006.6,,images\img_2022-11-29_-23.5505_-46.6333.png
2022-11-30,20.2,16.8,26.2,17.9,,,9.4,,1006.3,,images\img_2022-11-30_-23.5505_-46.6333.png
2022-12-01,21.1,16.8,27.0,15.0,,,10.2,,1009.4,,images\img_2022-12-01_-23.5505_-46.6333.png
2022-12-02,21.9,17.5,28.6,6.5,,,8.1,,1012.3,,images\img_2022-12-02_-23.5505_-46.6333.png
2022-12-03,21.9,18.1,26.9,18.6,,,8.7,,1012.8,,images\img_2022-12-03_-23.5505_-46.6333.png
2022-12-04,21.8,18.8,26.8,9.0,,,9.5,,1011.7,,images\img_2022-12-04_-23.5505_-46.6333.png
2022-12-05,21.2,19.7,24.0,8.9,,,11.8,,1013.1,,images\img_2022-12-05_-23.5505_-46.6333.png
2022-12-06,21.3,19.3,25.9,25.3,,,14.2,,1014.5,,images\img_2022-12-06_-23.5505_-46.6333.png
2022-12-07,20.7,17.8,25.0,10.3,,,10.7,,1013.3,,images\img_2022-12-07_-23.5505_-46.6333.png
2022-12-08,20.4,16.1,26.3,0.0,,,5.2,,1011.1,,images\img_2022-12-08_-23.5505_-46.6333.png
2022-12-09,21.6,14.3,28.6,0.0,,,8.1,,1010.5,,images\img_2022-12-09_-23.5505_-46.6333.png
2022-12-10,21.7,14.5,30.0,0.0,,,7.3,,1011.8,,images\img_2022-12-10_-23.5505_-46.6333.png
2022-12-11,23.4,18.2,29.3,0.9,,,8.1,,1011.1,,images\img_2022-12-11_-23.5505_-46.6333.png
2022-12-12,23.2,19.9,27.7,1.5,,,14.9,,1007.8,,images\img_2022-12-12_-23.5505_-46.6333.png
2022-12-13,19.6,16.5,21.6,22.1,,,18.0,,1008.5,,images\img_2022-12-13_-23.5505_-46.6333.png
2022-12-14,17.5,13.9,21.8,0.0,,,15.3,,1013.8,,images\img_2022-12-14_-23.5505_-46.6333.png
2022-12-15,18.0,12.7,23.9,1.3,,,10.2,,1013.6,,images\img_2022-12-15_-23.5505_-46.6333.png
2022-12-16,19.4,14.7,26.0,3.3,,,10.3,,1009.9,,images\img_2022-12-16_-23.5505_-46.6333.png
2022-12-17,18.6,15.4,23.2,1.7,,,12.4,,1011.2,,images\img_2022-12-17_-23.5505_-46.6333.png
2022-12-18,19.1,15.3,25.3,1.6,,,16.5,,1014.5,,images\img_2022-12-18_-23.5505_-46.6333.png
2022-12-19,18.0,15.8,21.7,10.5,,,16.2,,1015.2,,images\img_2022-12-19_-23.5505_-46.6333.png
2022-12-20,18.5,16.4,21.8,31.8,,,14.3,,1012.3,,images\img_2022-12-20_-23.5505_-46.6333.png
2022-12-21,17.6,16.1,19.7,5.9,,,17.5,,1013.7,,images\img_2022-12-21_-23.5505_-46.6333.png
2022-12-22,17.4,15.4,20.4,2.4,,,17.1,,1015.3,,images\img_2022-12-22_-23.5505_-46.6333.png
2022-12-23,18.1,14.6,23.8,1.3,,,15.7,,1015.8,,images\img_2022-12-23_-23.5505_-46.6333.png
2022-12-24,19.1,15.4,25.0,2.6,,,12.1,,1015.9,,images\img_2022-12-24_-23.5505_-46.6333.png
2022-12-25,20.4,16.7,26.0,4.1,,,10.3,,1015.2,,images\img_2022-12-25_-23.5505_-46.6333.png
2022-12-26,20.6,18.7,23.4,9.1,,,8.0,,1013.5,,images\img_2022-12-26_-23.5505_-46.6333.png
2022-12-27,21.1,18.0,25.8,8.4,,,8.3,,1013.7,,images\img_2022-12-27_-23.5505_-46.6333.png
2022-12-28,22.0,18.3,26.3,3.4,,,19.0,,1011.8,,images\img_2022-12-28_-23.5505_-46.6333.png
2022-12-29,20.2,16.4,24.7,35.7,,,13.3,,1014.1,,images\img_2022-12-29_-23.5505_-46.6333.png
2022-12-30,19.4,16.2,23.1,5.4,,,12.1,,1016.3,,images\img_2022-12-30_-23.5505_-46.6333.png
2022-12-31,20.8,16.8,25.2,17.0,,,7.6,,1016.2,,images\img_2022-12-31_-23.5505_-46.6333.png
2023-01-01,20.5,17.1,26.0,4.8,,,5.7,,1015.6,,images\img_2023-01-01_-23.5505_-46.6333.png
2023-01-02,21.3,16.5,27.4,0.8,,,7.8,,1012.6,,images\img_2023-01-02_-23.5505_-46.6333.png
2023-01-03,21.4,18.2,25.4,9.2,,,14.8,,1010.7,,images\img_2023-01-03_-23.5505_-46.6333.png
2023-01-04,19.9,15.6,25.1,27.9,,,15.4,,1011.0,,images\img_2023-01-04_-23.5505_-46.6333.png
2023-01-05,16.6,15.7,18.1,22.6,,,14.0,,1014.5,,images\img_2023-01-05_-23.5505_-46.6333.png
2023-01-06,17.3,15.5,20.1,1.9,,,18.4,,1017.6,,images\img_2023-01-06_-23.5505_-46.6333.png
2023-01-07,17.1,14.7,19.7,0.6,,,15.9,,1019.5,,images\img_2023-01-07_-23.5505_-46.6333.png
2023-01-08,18.1,14.5,20.9,0.0,,,13.3,,1018.2,,images\img_2023-01-08_-23.5505_-46.6333.png
2023-01-09,19.3,17.1,22.6,7.3,,,11.4,,1016.2,,images\img_2023-01-09_-23.5505_-46.6333.png
2023-01-10,20.0,17.8,23.9,10.5,,,8.4,,1015.4,,images\img_2023-01-10_-23.5505_-46.6333.png
2023-01-11,21.2,17.1,24.9,7.6,,,13.3,,1014.3,,images\img_2023-01-11_-23.5505_-46.6333.png
2023-01-12,20.8,18.4,25.7,12.5,,,12.9,,1012.4,,images\img_2023-01-12_-23.5505_-46.6333.png
2023-01-13,21.6,18.8,25.4,4.9,,,17.7,,1011.9,,images\img_2023-01-13_-23.5505_-46.6333.png
2023-01-14,23.5,19.8,27.9,0.0,,,17.2,,1013.0,,images\img_2023-01-14_-23.5505_-46.6333.png
2023-01-15,23.6,19.2,28.6,7.9,,,9.6,,1014.8,,images\img_2023-01-15_-23.5505_-46.6333.png
2023-01-16,22.6,18.7,27.8,16.1,,,9.9,,1014.7,,images\img_2023-01-16_-23.5505_-46.6333.png
2023-01-17,22.9,18.8,28.4,4.4,,,11.2,,1015.7,,images\img_2023-01-17_-23.5505_-46.6333.png
2023-01-18,21.6,17.9,27.4,4.2,,,10.7,,1017.2,,images\img_2023-01-18_-23.5505_-46.6333.png
2023-01-19,21.3,18.1,26.5,1.4,,,10.1,,1016.2,,images\img_2023-01-19_-23.5505_-46.6333.png
2023-01-20,20.2,17.8,24.4,17.1,,,9.2,,1013.4,,images\img_2023-01-20_-23.5505_-46.6333.png
2023-01-21,21.1,17.3,26.6,1.6,,,13.3,,1010.2,,images\img_2023-01-21_-23.5505_-46.6333.png
2023-01-22,22.4,18.2,26.7,2.8,,,13.7,,1009.8,,images\img_2023-01-22_-23.5505_-46.6333.png
2023-01-23,21.5,19.0,26.2,15.9,,,11.4,,1011.2,,images\img_2023-01-23_-23.5505_-46.6333.png
2023-01-24,21.0,18.0,26.2,3.4,,,11.2,,1011.2,,images\img_2023-01-24_-23.5505_-46.6333.png
2023-01-25,21.2,17.8,26.4,0.1,,,12.1,,1012.8,,images\img_2023-01-25_-23.5505_-46.6333.png
2023-01-26,20.1,15.6,26.8,0.0,,,15.9,,1013.8,,images\img_2023-01-26_-23.5505_-46.6333.png
2023-01-27,20.2,14.9,26.9,0.4,,,12.9,,1014.8,,images\img_2023-01-27_-23.5505_-46.6333.png
2023-01-28,21.5,18.5,26.6,14.5,,,8.9,,1015.4,,images\img_2023-01-28_-23.5505_-46.6333.png
2023-01-29,21.5,17.9,26.7,23.3,,,10.4,,1013.8,,images\img_2023-01-29_-23.5505_-46.6333.png
2023-01-30,21.4,18.2,26.3,9.6,,,13.7,,1012.5,,images\img_2023-01-30_-23.5505_-46.6333.png
2023-01-31,22.3,19.2,27.4,16.4,,,13.9,,1013.4,,images\img_2023-01-31_-23.5505_-46.6333.png
2023-02-01,22.2,19.4,26.4,10.9,,,9.9,,1014.3,,images\img_2023-02-01_-23.5505_-46.6333.png
2023-02-02,22.4,19.1,27.8,9.2,,,10.8,,1014.5,,images\img_2023-02-02_-23.5505_-46.6333.png
2023-02-03,22.9,20.1,27.8,0.8,,,15.6,,1013.2,,images\img_2023-02-03_-23.5505_-46.6333.png
2023-02-04,22.1,20.0,25.2,2.3,,,21.0,,1013.4,,images\img_2023-02-04_-23.5505_-46.6333.png
2023-02-05,22.0,19.9,25.9,9.5,,,17.2,,1014.1,,images\img_2023-02-05_-23.5505_-46.6333.png
2023-02-06,21.5,18.5,26.4,32.0,,,12.1,,1014.1,,images\img_2023-02-06_-23.5505_-46.6333.png
2023-02-07,20.3,17.6,25.5,24.7,,,8.6,,1014.9,,images\img_2023-02-07_-23.5505_-46.6333.png
2023-02-08,20.6,18.1,25.7,3.7,,,11.0,,1014.8,,images\img_2023-02-08_-23.5505_-46.6333.png
2023-02-09,21.0,16.2,26.8,2.0,,,10.6,,1015.0,,images\img_2023-02-09_-23.5505_-46.6333.png
2023-02-10,21.6,18.3,27.0,18.6,,,9.0,,1014.7,,images\img_2023-02-10_-23.5505_-46.6333.png
2023-02-11,20.5,18.4,24.1,15.0,,,9.0,,1014.8,,images\img_2023-02-11_-23.5505_-46.6333.png
2023-02-12,21.5,18.7,26.6,12.2,,,10.1,,1013.9,,images\img_2023-02-12_-23.5505_-46.6333.png
2023-02-13,22.2,17.9,26.3,1.0,,,11.0,,1013.7,,images\img_2023-02-13_-23.5505_-46.6333.png
2023-02-14,22.6,17.8,27.5,4.6,,,12.5,,1012.7,,images\img_2023-02-14_-23.5505_-46.6333.png
2023-02-15,23.1,20.2,27.5,10.2,,,17.3,,1010.1,,images\img_2023-02-15_-23.5505_-46.6333.png
2023-02-16,23.0,20.9,26.9,0.9,,,21.7,,1007.7,,images\img_2023-02-16_-23.5505_-46.6333.png
2023-02-17,23.4,20.4,27.8,2.9,,,19.7,,1009.3,,images\img_2023-02-17_-23.5505_-46.6333.png
2023-02-18,20.9,18.6,24.8,5.3,,,18.2,,1014.6,,images\img_2023-02-18_-23.5505_-46.6333.png
2023-02-19,18.6,17.3,20.4,19.1,,,24.1,,1018.0,,images\img_2023-02-19_-23.5505_-46.6333.png
2023-02-20,21.0,18.2,27.6,21.5,,,11.1,,1016.0,,images\img_2023-02-20_-23.5505_-46.6333.png
2023-02-21,21.1,17.0,25.3,16.0,,,11.0,,1015.6,,images\img_2023-02-21_-23.5505_-46.6333.png
2023-02-22,21.0,17.9,25.8,10.7,,,8.1,,1018.4,,images\img_2023-02-22_-23.5505_-46.6333.png
2023-02-23,21.2,18.8,26.0,7.8,,,8.9,,1018.1,,images\img_2023-02-23_-23.5505_-46.6333.png
2023-02-24,21.6,18.2,26.6,3.8,,,10.3,,1015.0,,images\img_2023-02-24_-23.5505_-46.6333.png
2023-02-25,22.6,19.1,27.0,2.0,,,14.3,,1013.6,,images\img_2023-02-25_-23.5505_-46.6333.png
2023-02-26,23.2,18.9,27.9,3.5,,,12.1,,1016.1,,images\img_2023-02-26_-23.5505_-46.6333.png
2023-02-27,21.6,19.2,26.2,1.8,,,12.6,,1019.3,,images\img_2023-02-27_-23.5505_-46.6333.png
2023-02-28,21.0,19.6,24.6,8.5,,,12.5,,1020.0,,images\img_2023-02-28_-23.5505_-46.6333.png
2023-03-01,21.1,17.9,27.7,2.8,,,7.9,,1017.6,,images\img_2023-03-01_-23.5505_-46.6333.png
2023-03-02,22.2,16.8,28.5,0.1,,,10.5,,1015.3,,images\img_2023-03-02_-23.5505_-46.6333.png
2023-03-03,22.3,18.8,28.0,13.0,,,7.7,,1014.8,,images\img_2023-03-03_-23.5505_-46.6333.png
2023-03-04,22.3,19.7,26.2,12.0,,,13.4,,1014.8,,images\img_2023-03-04_-23.5505_-46.6333.png
2023-03-05,21.6,19.2,25.9,6.4,,,16.6,,1012.4,,images\img_2023-03-05_-23.5505_-46.6333.png
2023-03-06,20.8,18.0,25.8,14.0,,,15.2,,1011.7,,images\img_2023-03-06_-23.5505_-46.6333.png
2023-03-07,22.0,17.9,27.7,2.3,,,13.7,,1013.6,,images\img_2023-03-07_-23.5505_-46.6333.png
2023-03-08,21.5,17.0,28.4,11.0,,,9.6,,1015.3,,images\img_2023-03-08_-23.5505_-46.6333.png
2023-03-09,22.1,17.3,27.9,12.4,,,8.4,,1016.0,,images\img_2023-03-09_-23.5505_-46.6333.png
2023-03-10,21.2,18.5,27.0,16.7,,,9.4,,1016.0,,images\img_2023-03-10_-23.5505_-46.6333.png
2023-03-11,20.5,18.7,24.0,21.4,,,7.8,,1015.3,,images\img_2023-03-11_-23.5505_-46.6333.png
2023-03-12,20.5,18.4,24.6,9.9,,,9.0,,1016.2,,images\img_2023-03-12_-23.5505_-46.6333.png
2023-03-13,20.8,18.4,25.8,18.5,,,11.9,,1016.9,,images\img_2023-03-13_-23.5505_-46.6333.png
2023-03-14,20.8,18.5,25.6,8.7,,,10.6,,1017.3,,images\img_2023-03-14_-23.5505_-46.6333.png
2023-03-15,20.8,18.0,26.1,2.0,,,14.1,,1016.9,,images\img_2023-03-15_-23.5505_-46.6333.png
2023-03-16,20.2,16.0,26.3,0.1,,,13.6,,1016.4,,images\img_2023-03-16_-23.5505_-46.6333.png
2023-03-17,19.8,15.2,25.6,0.0,,,12.5,,1017.0,,images\img_2023-03-17_-23.5505_-46.6333.png
2023-03-18,20.3,15.4,26.5,0.0,,,11.3,,1016.8,,images\img_2023-03-18_-23.5505_-46.6333.png
2023-03-19,21.9,18.5,27.8,0.0,,,9.5,,1016.2,,images\img_2023-03-19_-23.5505_-46.6333.png
2023-03-20,22.2,18.7,28.5,3.4,,,8.1,,1015.5,,images\img_2023-03-20_-23.5505_-46.6333.png
2023-03-21,20.8,16.6,26.8,0.4,,,8.6,,1017.0,,images\img_2023-03-21_-23.5505_-46.6333.png
2023-03-22,20.9,17.4,27.6,0.0,,,11.3,,1019.0,,images\img_2023-03-22_-23.5505_-46.6333.png
2023-03-23,21.2,16.9,27.6,0.0,,,12.4,,1018.9,,images\img_2023-03-23_-23.5505_-46.6333.png
2023-03-24,21.9,16.6,28.0,0.5,,,9.6,,1016.8,,images\img_2023-03-24_-23.5505_-46.6333.png
2023-03-25,22.0,17.4,28.0,0.0,,,8.0,,1016.3,,images\img_2023-03-25_-23.5505_-46.6333.png
2023-03-26,23.5,18.2,29.5,8.6,,,12.4,,1015.0,,images\img_2023-03-26_-23.5505_-46.6333.png
2023-03-27,20.6,18.8,23.4,6.2,,,16.8,,1017.4,,images\img_2023-03-27_-23.5505_-46.6333.png
2023-03-28,20.4,17.5,25.1,0.2,,,14.7,,1017.4,,images\img_2023-03-28_-23.5505_-46.6333.png
2023-03-29,21.6,18.2,28.2,21.1,,,10.3,,1016.4,,images\img_2023-03-29_-23.5505_-46.6333.png
2023-03-30,22.0,17.7,28.0,0.7,,,7.8,,1016.4,,images\img_2023-03-30_-23.5505_-46.6333.png
2023-03-31,21.5,17.9,28.0,4.4,,,8.1,,1015.5,,images\img_2023-03-31_-23.5505_-46.6333.png
2023-04-01,20.9,17.3,26.7,0.2,,,11.4,,1014.4,,images\img_2023-04-01_-23.5505_-46.6333.png
2023-04-02,17.9,15.0,21.3,0.2,,,15.9,,1017.6,,images\img_2023-04-02_-23.5505_-46.6333.png
2023-04-03,18.0,14.3,23.8,0.0,,,12.3,,1017.2,,images\img_2023-04-03_-23.5505_-46.6333.png
2023-04-04,19.4,14.8,25.8,0.2,,,9.5,,1015.7,,images\img_2023-04-04_-23.5505_-46.6333.png
2023-04-05,18.8,14.7,24.4,0.0,,,10.9,,1016.2,,images\img_2023-04-05_-23.5505_-46.6333.png
2023-04-06,19.5,16.2,24.4,2.0,,,14.7,,1016.6,,images\img_2023-04-06_-23.5505_-46.6333.png
2023-04-07,18.5,17.3,20.0,17.3,,,9.6,,1015.5,,images\img_2023-04-07_-23.5505_-46.6333.png
2023-04-08,18.9,17.3,22.1,3.2,,,17.4,,1017.0,,images\img_2023-04-08_-23.5505_-46.6333.png
2023-04-09,18.4,15.7,22.2,0.2,,,17.1,,1019.2,,images\img_2023-04-09_-23.5505_-46.6333.png
2023-04-10,17.6,14.7,22.4,0.0,,,15.9,,1020.4,,images\img_2023-04-10_-23.5505_-46.6333.png
2023-04-11,18.1,13.6,24.8,0.0,,,10.6,,1018.0,,images\img_2023-04-11_-23.5505_-46.6333.png
2023-04-12,19.4,15.1,25.9,1.1,,,9.2,,1015.2,,images\img_2023-04-12_-23.5505_-46.6333.png
2023-04-13,21.0,16.5,26.6,2.0,,,10.0,,1012.8,,images\img_2023-04-13_-23.5505_-46.6333.png
2023-04-14,19.8,17.3,25.0,28.0,,,8.3,,1013.5,,images\img_2023-04-14_-23.5505_-46.6333.png
2023-04-15,19.2,17.5,22.3,1.9,,,15.1,,1016.2,,images\img_2023-04-15_-23.5505_-46.6333.png
2023-04-16,19.9,16.5,25.2,0.1,,,11.3,,1015.6,,images\img_2023-04-16_-23.5505_-46.6333.png
2023-04-17,21.0,16.0,27.0,0.2,,,17.1,,1009.1,,images\img_2023-04-17_-23.5505_-46.6333.png
2023-04-18,20.7,19.2,23.4,12.4,,,24.8,,1005.4,,images\img_2023-04-18_-23.5505_-46.6333.png
2023-04-19,19.8,15.4,23.8,33.4,,,15.6,,1008.6,,images\img_2023-04-19_-23.5505_-46.6333.png
2023-04-20,15.4,11.6,20.8,0.0,,,14.4,,1016.9,,images\img_2023-04-20_-23.5505_-46.6333.png
2023-04-21,14.2,9.2,20.1,0.0,,,14.8,,1020.3,,images\img_2023-04-21_-23.5505_-46.6333.png
2023-04-22,16.0,11.2,22.5,0.0,,,14.2,,1020.1,,images\img_2023-04-22_-23.5505_-46.6333.png
2023-04-23,17.4,14.6,22.7,0.3,,,13.2,,1020.7,,images\img_2023-04-23_-23.5505_-46.6333.png
2023-04-24,16.9,13.1,23.1,0.0,,,14.3,,1021.3,,images\img_2023-04-24_-23.5505_-46.6333.png
2023-04-25,17.5,12.7,24.4,0.0,,,8.9,,1020.0,,images\img_2023-04-25_-23.5505_-46.6333.png
2023-04-26,18.6,15.0,25.2,5.4,,,12.7,,1016.9,,images\img_2023-04-26_-23.5505_-46.6333.png
2023-04-27,18.8,16.3,22.8,2.7,,,14.0,,1015.0,,images\img_2023-04-27_-23.5505_-46.6333.png
2023-04-28,17.3,15.5,19.8,1.4,,,11.9,,1017.9,,images\img_2023-04-28_-23.5505_-46.6333.png
2023-04-29,17.7,14.2,22.6,0.6,,,12.1,,1018.9,,images\img_2023-04-29_-23.5505_-46.6333.png
2023-04-30,19.0,16.2,24.4,0.0,,,11.3,,1017.9,,images\img_2023-04-30_-23.5505_-46.6333.png
2023-05-01,19.4,16.1,24.8,0.1,,,8.6,,1016.8,,images\img_2023-05-01_-23.5505_-46.6333.png
2023-05-02,18.8,16.0,23.7,0.9,,,8.8,,1015.9,,images\img_2023-05-02_-23.5505_-46.6333.png
2023-05-03,19.6,15.4,25.7,0.0,,,9.1,,1016.0,,images\img_2023-05-03_-23.5505_-46.6333.png
2023-05-04,20.3,16.4,26.0,0.0,,,7.7,,1017.3,,images\img_2023-05-04_-23.5505_-46.6333.png
2023-05-05,19.9,16.2,26.1,0.0,,,9.7,,1019.8,,images\img_2023-05-05_-23.5505_-46.6333.png
2023-05-06,19.9,17.1,25.6,0.0,,,11.0,,1019.6,,images\img_2023-05-06_-23.5505_-46.6333.png
2023-05-07,19.8,15.5,25.8,0.0,,,9.1,,1018.2,,images\img_2023-05-07_-23.5505_-46.6333.png
2023-05-08,20.4,15.5,26.8,0.0,,,7.1,,1017.6,,images\img_2023-05-08_-23.5505_-46.6333.png
2023-05-09,19.6,15.1,25.5,0.0,,,10.0,,1018.4,,images\img_2023-05-09_-23.5505_-46.6333.png
2023-05-10,18.7,17.2,20.9,1.5,,,12.7,,1017.9,,images\img_2023-05-10_-23.5505_-46.6333.png
2023-05-11,17.9,15.0,22.3,0.0,,,10.7,,1016.1,,images\img_2023-05-11_-23.5505_-46.6333.png
2023-05-12,15.5,13.2,19.3,0.4,,,14.8,,1018.7,,images\img_2023-05-12_-23.5505_-46.6333.png
2023-05-13,14.6,11.5,19.4,0.1,,,11.3,,1020.1,,images\img_2023-05-13_-23.5505_-46.6333.png
2023-05-14,15.1,10.9,21.0,0.0,,,8.3,,1021.3,,images\img_2023-05-14_-23.5505_-46.6333.png
2023-05-15,15.0,10.3,21.3,0.0,,,6.6,,1021.1,,images\img_2023-05-15_-23.5505_-46.6333.png
2023-05-16,15.3,9.6,21.9,0.0,,,11.2,,1020.0,,images\img_2023-05-16_-23.5505_-46.6333.png
2023-05-17,14.8,11.2,19.2,0.1,,,14.0,,1021.0,,images\img_2023-05-17_-23.5505_-46.6333.png
2023-05-18,13.8,9.3,20.5,0.0,,,12.0,,1022.2,,images\img_2023-05-18_-23.5505_-46.6333.png
2023-05-19,13.9,9.3,21.2,0.0,,,11.6,,1021.0,,images\img_2023-05-19_-23.5505_-46.6333.png
2023-05-20,15.4,9.5,23.3,0.0,,,10.0,,1019.2,,images\img_2023-05-20_-23.5505_-46.6333.png
2023-05-21,16.2,9.9,24.3,0.0,,,9.1,,1017.6,,images\img_2023-05-21_-23.5505_-46.6333.png
2023-05-22,16.9,11.4,23.1,0.0,,,9.8,,1019.2,,images\img_2023-05-22_-23.5505_-46.6333.png
2023-05-23,16.6,11.4,23.6,0.0,,,9.9,,1021.2,,images\img_2023-05-23_-23.5505_-46.6333.png
2023-05-24,17.0,11.4,23.9,0.0,,,13.0,,1020.8,,images\img_2023-05-24_-23.5505_-46.6333.png
2023-05-25,18.4,14.1,24.9,0.0,,,12.9,,1021.4,,images\img_2023-05-25_-23.5505_-46.6333.png
2023-05-26,18.7,13.1,25.9,0.0,,,12.5,,1020.1,,images\img_2023-05-26_-23.5505_-46.6333.png
2023-05-27,19.0,12.1,26.4,0.0,,,11.0,,1018.9,,images\img_2023-05-27_-23.5505_-46.6333.png
2023-05-28,17.8,14.4,21.1,2.2,,,12.5,,1018.5,,images\img_2023-05-28_-23.5505_-46.6333.png
2023-05-29,15.9,14.2,18.9,0.2,,,18.7,,1021.1,,images\img_2023-05-29_-23.5505_-46.6333.png
2023-05-30,15.9,14.0,19.6,0.1,,,17.3,,1022.7,,images\img_2023-05-30_-23.5505_-46.6333.png
2023-05-31,15.4,13.1,18.0,18.4,,,9.0,,1020.8,,images\img_2023-05-31_-23.5505_-46.6333.png
2023-06-01,16.1,13.6,19.5,1.4,,,10.3,,1021.7,,images\img_2023-06-01_-23.5505_-46.6333.png
2023-06-02,15.7,13.2,20.5,0.0,,,11.4,,1021.7,,images\img_2023-06-02_-23.5505_-46.6333.png
2023-06-03,16.1,12.7,22.6,0.0,,,10.7,,1021.0,,images\img_2023-06-03_-23.5505_-46.6333.png
2023-06-04,15.6,9.7,22.9,0.0,,,7.7,,1021.8,,images\img_2023-06-04_-23.5505_-46.6333.png
2023-06-05,15.3,11.5,21.4,0.0,,,7.7,,1021.9,,images\img_2023-06-05_-23.5505_-46.6333.png
2023-06-06,14.6,11.2,19.8,0.0,,,10.4,,1022.2,,images\img_2023-06-06_-23.5505_-46.6333.png
2023-06-07,15.2,10.6,22.6,0.0,,,8.3,,1022.2,,images\img_2023-06-07_-23.5505_-46.6333.png
2023-06-08,14.3,8.3,22.2,0.0,,,6.1,,1021.4,,images\img_2023-06-08_-23.5505_-46.6333.png
2023-06-09,16.0,9.0,23.9,0.0,,,11.9,,1019.5,,images\img_2023-06-09_-23.5505_-46.6333.png
2023-06-10,17.1,11.3,23.9,0.0,,,13.6,,1018.3,,images\img_2023-06-10_-23.5505_-46.6333.png
2023-06-11,18.8,13.9,25.3,0.0,,,16.4,,1016.3,,images\img_2023-06-11_-23.5505_-46.6333.png
2023-06-12,18.0,11.7,26.1,0.0,,,11.9,,1017.9,,images\img_2023-06-12_-23.5505_-46.6333.png
2023-06-13,15.9,14.8,17.6,0.5,,,19.2,,1022.2,,images\img_2023-06-13_-23.5505_-46.6333.png
2023-06-14,15.7,14.7,17.5,15.8,,,12.3,,1021.5,,images\img_2023-06-14_-23.5505_-46.6333.png
2023-06-15,16.4,14.5,19.2,12.5,,,10.9,,1018.8,,images\img_2023-06-15_-23.5505_-46.6333.png
2023-06-16,13.8,9.8,16.8,0.3,,,19.3,,1020.0,,images\img_2023-06-16_-23.5505_-46.6333.png
2023-06-17,11.5,7.5,17.1,0.0,,,10.2,,1022.8,,images\img_2023-06-17_-23.5505_-46.6333.png
2023-06-18,12.2,9.5,17.3,0.0,,,8.9,,1023.7,,images\img_2023-06-18_-23.5505_-46.6333.png
2023-06-19,13.1,11.1,17.9,0.0,,,14.1,,1025.6,,images\img_2023-06-19_-23.5505_-46.6333.png
2023-06-20,14.3,11.0,20.4,0.0,,,11.6,,1023.7,,images\img_2023-06-20_-23.5505_-46.6333.png
2023-06-21,14.8,8.5,21.9,0.0,,,10.4,,1020.6,,images\img_2023-06-21_-23.5505_-46.6333.png
2023-06-22,15.7,10.0,22.9,0.0,,,11.1,,1019.5,,images\img_2023-06-22_-23.5505_-46.6333.png
2023-06-23,16.3,10.2,24.0,0.0,,,11.0,,1018.3,,images\img_2023-06-23_-23.5505_-46.6333.png
2023-06-24,16.9,11.7,23.9,0.0,,,11.0,,1018.9,,images\img_2023-06-24_-23.5505_-46.6333.png
2023-06-25,17.2,11.1,24.8,0.0,,,8.2,,1020.3,,images\img_2023-06-25_-23.5505_-46.6333.png
2023-06-26,17.0,11.0,24.6,0.0,,,7.9,,1020.4,,images\img_2023-06-26_-23.5505_-46.6333.png
2023-06-27,16.3,10.2,23.7,0.0,,,12.0,,1019.9,,images\img_2023-06-27_-23.5505_-46.6333.png
2023-06-28,16.7,10.5,24.0,0.0,,,12.7,,1020.3,,images\img_2023-06-28_-23.5505_-46.6333.png
2023-06-29,15.8,11.8,21.1,0.0,,,13.8,,1023.5,,images\img_2023-06-29_-23.5505_-46.6333.png
2023-06-30,16.3,14.2,21.4,0.0,,,11.5,,1024.4,,images\img_2023-06-30_-23.5505_-46.6333.png
2023-07-01,16.2,13.1,22.1,0.2,,,8.7,,1022.0,,images\img_2023-07-01_-23.5505_-46.6333.png
2023-07-02,15.2,12.9,19.7,0.0,,,10.0,,1021.2,,images\img_2023-07-02_-23.5505_-46.6333.png
2023-07-03,13.9,10.0,18.7,0.0,,,14.1,,1023.7,,images\img_2023-07-03_-23.5505_-46.6333.png
2023-07-04,12.6,6.9,19.5,0.0,,,11.6,,1023.4,,images\img_2023-07-04_-23.5505_-46.6333.png
2023-07-05,14.1,7.0,22.2,0.0,,,11.1,,1022.2,,images\img_2023-07-05_-23.5505_-46.6333.png
2023-07-06,14.4,7.2,22.4,0.0,,,9.6,,1019.8,,images\img_2023-07-06_-23.5505_-46.6333.png
2023-07-07,15.8,9.0,23.1,0.0,,,11.6,,1017.7,,images\img_2023-07-07_-23.5505_-46.6333.png
2023-07-08,18.0,9.6,25.5,0.0,,,17.0,,1014.9,,images\img_2023-07-08_-23.5505_-46.6333.png
2023-07-09,16.4,14.1,19.0,10.7,,,7.3,,1018.8,,images\img_2023-07-09_-23.5505_-46.6333.png
2023-07-10,18.0,13.5,24.0,0.0,,,11.7,,1017.8,,images\img_2023-07-10_-23.5505_-46.6333.png
2023-07-11,19.4,13.4,26.2,0.0,,,10.9,,1015.5,,images\img_2023-07-11_-23.5505_-46.6333.png
2023-07-12,20.0,14.7,26.8,0.0,,,15.5,,1012.1,,images\img_2023-07-12_-23.5505_-46.6333.png
2023-07-13,20.0,14.8,23.7,0.0,,,31.6,,1009.7,,images\img_2023-07-13_-23.5505_-46.6333.png
2023-07-14,11.9,8.4,15.6,0.0,,,13.6,,1019.7,,images\img_2023-07-14_-23.5505_-46.6333.png
2023-07-15,12.7,9.6,18.5,0.0,,,12.0,,1021.0,,images\img_2023-07-15_-23.5505_-46.6333.png
2023-07-16,15.5,9.0,23.3,0.0,,,7.6,,1018.7,,images\img_2023-07-16_-23.5505_-46.6333.png
2023-07-17,16.7,12.0,23.8,0.0,,,8.1,,1019.7,,images\img_2023-07-17_-23.5505_-46.6333.png
2023-07-18,15.3,13.6,18.3,0.5,,,14.0,,1023.7,,images\img_2023-07-18_-23.5505_-46.6333.png
2023-07-19,14.9,13.6,17.5,0.7,,,19.1,,1028.7,,images\img_2023-07-19_-23.5505_-46.6333.png
2023-07-20,15.6,13.1,21.2,0.0,,,18.8,,1029.0,,images\img_2023-07-20_-23.5505_-46.6333.png
2023-07-21,16.2,12.8,22.2,0.0,,,14.4,,1027.1,,images\img_2023-07-21_-23.5505_-46.6333.png
2023-07-22,16.4,12.4,22.5,0.0,,,12.1,,1024.8,,images\img_2023-07-22_-23.5505_-46.6333.png
2023-07-23,17.2,10.1,24.6,0.0,,,10.6,,1024.7,,images\img_2023-07-23_-23.5505_-46.6333.png
2023-07-24,18.0,12.6,24.7,0.0,,,9.8,,1023.5,,images\img_2023-07-24_-23.5505_-46.6333.png
2023-07-25,18.5,12.8,25.3,0.0,,,10.0,,1020.2,,images\img_2023-07-25_-23.5505_-46.6333.png
2023-07-26,19.2,12.4,26.6,0.0,,,10.6,,1018.8,,images\img_2023-07-26_-23.5505_-46.6333.png
2023-07-27,17.8,12.9,25.9,0.0,,,12.8,,1021.2,,images\img_2023-07-27_-23.5505_-46.6333.png
2023-07-28,19.5,14.8,26.9,1.0,,,12.4,,1021.9,,images\img_2023-07-28_-23.5505_-46.6333.png
2023-07-29,14.5,12.7,16.3,0.0,,,19.7,,1024.5,,images\img_2023-07-29_-23.5505_-46.6333.png
2023-07-30,14.7,12.3,20.3,0.0,,,13.8,,1025.0,,images\img_2023-07-30_-23.5505_-46.6333.png
2023-07-31,16.2,12.3,23.4,0.0,,,9.1,,1024.2,,images\img_2023-07-31_-23.5505_-46.6333.png
2023-08-01,16.8,13.7,23.2,0.0,,,10.3,,1023.7,,images\img_2023-08-01_-23.5505_-46.6333.png
2023-08-02,18.8,12.5,27.3,0.0,,,8.2,,1021.5,,images\img_2023-08-02_-23.5505_-46.6333.png
2023-08-03,18.8,12.1,27.2,0.0,,,10.1,,1019.9,,images\img_2023-08-03_-23.5505_-46.6333.png
2023-08-04,16.3,10.0,23.7,0.0,,,8.0,,1020.4,,images\img_2023-08-04_-23.5505_-46.6333.png
2023-08-05,17.3,12.3,25.7,0.0,,,7.6,,1021.0,,images\img_2023-08-05_-23.5505_-46.6333.png
2023-08-06,19.2,11.8,29.0,0.0,,,10.6,,1020.1,,images\img_2023-08-06_-23.5505_-46.6333.png
2023-08-07,21.7,15.1,29.1,0.0,,,15.7,,1019.1,,images\img_2023-08-07_-23.5505_-46.6333.png
2023-08-08,16.7,15.3,19.8,0.6,,,21.6,,1025.0,,images\img_2023-08-08_-23.5505_-46.6333.png
2023-08-09,17.8,14.6,25.2,1.7,,,18.4,,1022.4,,images\img_2023-08-09_-23.5505_-46.6333.png
2023-08-10,20.0,13.8,27.8,0.0,,,14.6,,1017.6,,images\img_2023-08-10_-23.5505_-46.6333.png
2023-08-11,21.0,15.4,29.1,0.0,,,14.8,,1016.8,,images\img_2023-08-11_-23.5505_-46.6333.png
2023-08-12,18.9,13.4,28.9,0.5,,,12.9,,1018.2,,images\img_2023-08-12_-23.5505_-46.6333.png
2023-08-13,15.1,13.1,16.9,0.0,,,19.9,,1022.7,,images\img_2023-08-13_-23.5505_-46.6333.png
2023-08-14,15.7,13.2,19.9,1.7,,,13.7,,1022.5,,images\img_2023-08-14_-23.5505_-46.6333.png
2023-08-15,17.9,15.3,23.6,0.0,,,12.1,,1021.5,,images\img_2023-08-15_-23.5505_-46.6333.png
2023-08-16,19.1,16.0,24.8,0.0,,,11.2,,1021.2,,images\img_2023-08-16_-23.5505_-46.6333.png
2023-08-17,19.6,13.7,26.3,0.0,,,9.9,,1018.0,,images\img_2023-08-17_-23.5505_-46.6333.png
2023-08-18,20.5,13.6,27.4,0.0,,,13.6,,1012.4,,images\img_2023-08-18_-23.5505_-46.6333.png
2023-08-19,19.8,15.6,25.1,0.6,,,16.3,,1011.6,,images\img_2023-08-19_-23.5505_-46.6333.png
2023-08-20,18.6,14.1,23.7,0.0,,,10.9,,1013.5,,images\img_2023-08-20_-23.5505_-46.6333.png
2023-08-21,19.5,15.2,25.2,0.0,,,15.3,,1013.2,,images\img_2023-08-21_-23.5505_-46.6333.png
2023-08-22,20.5,12.0,28.9,0.0,,,13.7,,1012.1,,images\img_2023-08-22_-23.5505_-46.6333.png
2023-08-23,24.2,18.2,31.1,0.0,,,19.7,,1009.6,,images\img_2023-08-23_-23.5505_-46.6333.png
2023-08-24,25.1,19.7,31.9,0.3,,,22.0,,1009.1,,images\img_2023-08-24_-23.5505_-46.6333.png
2023-08-25,18.0,14.5,23.8,4.2,,,15.1,,1013.3,,images\img_2023-08-25_-23.5505_-46.6333.png
2023-08-26,13.0,12.0,14.7,14.3,,,21.4,,1018.0,,images\img_2023-08-26_-23.5505_-46.6333.png
2023-08-27,11.6,10.9,13.1,3.1,,,20.4,,1022.0,,images\img_2023-08-27_-23.5505_-46.6333.png
2023-08-28,12.8,11.2,16.0,0.7,,,17.6,,1022.6,,images\img_2023-08-28_-23.5505_-46.6333.png
2023-08-29,14.9,11.6,20.3,0.5,,,13.4,,1021.6,,images\img_2023-08-29_-23.5505_-46.6333.png
2023-08-30,16.1,12.4,23.6,0.0,,,10.8,,1018.6,,images\img_2023-08-30_-23.5505_-46.6333.png
2023-08-31,16.2,11.3,24.0,0.0,,,9.1,,1019.6,,images\img_2023-08-31_-23.5505_-46.6333.png
2023-09-01,16.2,8.6,26.4,0.0,,,10.7,,1018.8,,images\img_2023-09-01_-23.5505_-46.6333.png
2023-09-02,20.8,15.1,28.9,2.2,,,14.7,,1016.4,,images\img_2023-09-02_-23.5505_-46.6333.png
2023-09-03,23.2,17.6,29.4,0.4,,,13.6,,1015.5,,images\img_2023-09-03_-23.5505_-46.6333.png
2023-09-04,24.5,18.7,30.8,0.0,,,15.9,,1014.5,,images\img_2023-09-04_-23.5505_-46.6333.png
2023-09-05,19.9,15.5,25.5,4.2,,,19.6,,1019.8,,images\img_2023-09-05_-23.5505_-46.6333.png
2023-09-06,16.5,14.8,19.8,0.9,,,23.3,,1025.0,,images\img_2023-09-06_-23.5505_-46.6333.png
2023-09-07,17.9,14.3,25.0,0.0,,,17.4,,1022.6,,images\img_2023-09-07_-23.5505_-46.6333.png
2023-09-08,21.2,14.0,28.8,0.0,,,15.8,,1017.4,,images\img_2023-09-08_-23.5505_-46.6333.png
2023-09-09,21.6,15.4,28.5,0.4,,,14.5,,1017.5,,images\img_2023-09-09_-23.5505_-46.6333.png
2023-09-10,19.4,14.4,26.2,0.0,,,12.7,,1020.3,,images\img_2023-09-10_-23.5505_-46.6333.png
2023-09-11,21.4,16.0,28.1,0.0,,,11.6,,1018.0,,images\img_2023-09-11_-23.5505_-46.6333.png
2023-09-12,23.1,16.0,29.7,0.0,,,12.7,,1016.1,,images\img_2023-09-12_-23.5505_-46.6333.png
2023-09-13,24.2,14.5,32.3,0.0,,,15.7,,1011.9,,images\img_2023-09-13_-23.5505_-46.6333.png
2023-09-14,19.0,13.3,24.5,13.0,,,17.1,,1015.5,,images\img_2023-09-14_-23.5505_-46.6333.png
2023-09-15,15.1,12.1,21.2,0.0,,,15.3,,1020.2,,images\img_2023-09-15_-23.5505_-46.6333.png
2023-09-16,19.2,12.5,28.3,0.0,,,12.2,,1017.1,,images\img_2023-09-16_-23.5505_-46.6333.png
2023-09-17,22.4,15.0,30.8,0.0,,,10.9,,1016.7,,images\img_2023-09-17_-23.5505_-46.6333.png
2023-09-18,23.3,16.3,31.1,2.4,,,11.7,,1016.6,,images\img_2023-09-18_-23.5505_-46.6333.png
2023-09-19,23.2,17.6,30.3,0.2,,,9.9,,1016.3,,images\img_2023-09-19_-23.5505_-46.6333.png
2023-09-20,20.2,14.9,27.3,0.0,,,10.3,,1017.7,,images\img_2023-09-20_-23.5505_-46.6333.png
2023-09-21,21.1,15.0,31.1,0.1,,,10.6,,1016.0,,images\img_2023-09-21_-23.5505_-46.6333.png
2023-09-22,24.0,17.0,33.6,0.0,,,10.4,,1013.8,,images\img_2023-09-22_-23.5505_-46.6333.png
2023-09-23,23.6,16.1,32.1,0.0,,,8.5,,1013.6,,images\img_2023-09-23_-23.5505_-46.6333.png
2023-09-24,26.9,18.4,35.5,0.0,,,12.3,,1011.2,,images\img_2023-09-24_-23.5505_-46.6333.png
2023-09-25,22.6,18.5,31.3,0.2,,,14.9,,1013.3,,images\img_2023-09-25_-23.5505_-46.6333.png
2023-09-26,26.4,19.1,35.6,0.4,,,13.8,,1009.4,,images\img_2023-09-26_-23.5505_-46.6333.png
2023-09-27,25.2,17.0,32.9,13.6,,,22.1,,1008.6,,images\img_2023-09-27_-23.5505_-46.6333.png
2023-09-28,15.6,14.2,17.1,1.6,,,23.4,,1018.1,,images\img_2023-09-28_-23.5505_-46.6333.png
2023-09-29,17.4,13.8,23.9,0.0,,,17.3,,1019.7,,images\img_2023-09-29_-23.5505_-46.6333.png
2023-09-30,20.0,15.6,28.7,12.7,,,13.0,,1016.2,,images\img_2023-09-30_-23.5505_-46.6333.png
2023-10-01,19.7,16.5,24.2,35.5,,,17.3,,1013.0,,images\img_2023-10-01_-23.5505_-46.6333.png
2023-10-02,17.8,16.0,22.9,12.6,,,12.1,,1012.7,,images\img_2023-10-02_-23.5505_-46.6333.png
2023-10-03,19.9,15.9,26.4,1.8,,,9.2,,1012.4,,images\img_2023-10-03_-23.5505_-46.6333.png
2023-10-04,23.7,18.3,29.5,0.0,,,14.7,,1009.3,,images\img_2023-10-04_-23.5505_-46.6333.png
2023-10-05,22.3,18.3,27.6,7.5,,,17.4,,1009.8,,images\img_2023-10-05_-23.5505_-46.6333.png
2023-10-06,24.0,18.0,30.5,0.3,,,12.7,,1012.8,,images\img_2023-10-06_-23.5505_-46.6333.png
2023-10-07,24.7,21.6,29.5,0.4,,,18.5,,1013.6,,images\img_2023-10-07_-23.5505_-46.6333.png
2023-10-08,22.1,18.1,27.8,4.3,,,12.8,,1014.1,,images\img_2023-10-08_-23.5505_-46.6333.png
2023-10-09,19.6,16.3,21.5,13.7,,,16.7,,1016.1,,images\img_2023-10-09_-23.5505_-46.6333.png
2023-10-10,18.9,16.2,24.2,0.0,,,16.4,,1019.2,,images\img_2023-10-10_-23.5505_-46.6333.png
2023-10-11,22.3,16.3,30.2,0.0,,,13.9,,1014.4,,images\img_2023-10-11_-23.5505_-46.6333.png
2023-10-12,22.9,17.4,29.8,5.7,,,17.0,,1011.0,,images\img_2023-10-12_-23.5505_-46.6333.png
2023-10-13,16.2,14.2,17.8,4.6,,,20.7,,1018.3,,images\img_2023-10-13_-23.5505_-46.6333.png
2023-10-14,15.9,14.1,18.3,0.3,,,20.4,,1021.9,,images\img_2023-10-14_-23.5505_-46.6333.png
2023-10-15,18.0,15.0,22.3,0.0,,,15.0,,1021.3,,images\img_2023-10-15_-23.5505_-46.6333.png
2023-10-16,21.9,16.7,29.5,2.9,,,9.8,,1017.2,,images\img_2023-10-16_-23.5505_-46.6333.png
2023-10-17,22.7,18.0,30.1,6.5,,,13.2,,1015.7,,images\img_2023-10-17_-23.5505_-46.6333.png
2023-10-18,18.6,16.1,22.3,2.8,,,16.8,,1018.6,,images\img_2023-10-18_-23.5505_-46.6333.png
2023-10-19,17.2,15.3,20.6,0.5,,,19.4,,1019.9,,images\img_2023-10-19_-23.5505_-46.6333.png
2023-10-20,16.5,15.1,19.6,0.0,,,17.0,,1019.3,,images\img_2023-10-20_-23.5505_-46.6333.png
2023-10-21,17.3,15.3,21.4,0.0,,,16.6,,1019.4,,images\img_2023-10-21_-23.5505_-46.6333.png
2023-10-22,18.6,15.2,25.3,0.0,,,14.2,,1018.1,,images\img_2023-10-22_-23.5505_-46.6333.png
2023-10-23,21.1,15.7,30.1,0.0,,,12.0,,1014.7,,images\img_2023-10-23_-23.5505_-46.6333.png
2023-10-24,24.0,17.4,31.8,0.0,,,12.4,,1010.0,,images\img_2023-10-24_-23.5505_-46.6333.png
2023-10-25,20.2,16.9,22.9,20.0,,,12.6,,1010.3,,images\img_2023-10-25_-23.5505_-46.6333.png
2023-10-26,19.3,16.7,24.6,15.1,,,12.5,,1009.6,,images\img_2023-10-26_-23.5505_-46.6333.png
2023-10-27,20.4,16.5,27.4,0.9,,,14.3,,1012.0,,images\img_2023-10-27_-23.5505_-46.6333.png
2023-10-28,23.5,18.9,28.3,0.0,,,16.3,,1010.4,,images\img_2023-10-28_-23.5505_-46.6333.png
2023-10-29,23.9,21.2,28.2,2.6,,,23.4,,1009.9,,images\img_2023-10-29_-23.5505_-46.6333.png
2023-10-30,22.6,20.3,25.2,0.7,,,10.9,,1012.0,,images\img_2023-10-30_-23.5505_-46.6333.png
2023-10-31,22.8,19.6,28.3,12.9,,,11.7,,1011.5,,images\img_2023-10-31_-23.5505_-46.6333.png
2023-11-01,19.4,16.4,22.6,4.6,,,16.8,,1014.1,,images\img_2023-11-01_-23.5505_-46.6333.png
2023-11-02,18.7,16.0,22.9,0.0,,,14.0,,1014.1,,images\img_2023-11-02_-23.5505_-46.6333.png
2023-11-03,22.3,16.7,29.0,0.7,,,21.0,,1008.9,,images\img_2023-11-03_-23.5505_-46.6333.png
2023-11-04,20.9,14.3,25.6,3.3,,,16.5,,1010.4,,images\img_2023-11-04_-23.5505_-46.6333.png
2023-11-05,15.8,10.5,21.0,0.0,,,15.0,,1016.9,,images\img_2023-11-05_-23.5505_-46.6333.png
2023-11-06,15.6,10.6,21.8,0.0,,,16.0,,1019.7,,images\img_2023-11-06_-23.5505_-46.6333.png
2023-11-07,17.8,12.5,25.1,0.0,,,15.5,,1019.0,,images\img_2023-11-07_-23.5505_-46.6333.png
2023-11-08,22.1,12.8,30.8,0.0,,,11.7,,1015.5,,images\img_2023-11-08_-23.5505_-46.6333.png
2023-11-09,24.2,15.9,31.5,0.0,,,11.7,,1013.8,,images\img_2023-11-09_-23.5505_-46.6333.png
2023-11-10,22.5,18.2,30.1,2.1,,,12.4,,1015.5,,images\img_2023-11-10_-23.5505_-46.6333.png
2023-11-11,26.2,19.2,33.0,0.0,,,12.6,,1011.7,,images\img_2023-11-11_-23.5505_-46.6333.png
2023-11-12,27.1,19.6,35.0,0.0,,,11.7,,1010.2,,images\img_2023-11-12_-23.5505_-46.6333.png
2023-11-13,28.2,20.2,36.3,0.0,,,13.0,,1010.0,,images\img_2023-11-13_-23.5505_-46.6333.png
2023-11-14,26.1,19.8,36.2,0.0,,,14.5,,1010.9,,images\img_2023-11-14_-23.5505_-46.6333.png
2023-11-15,27.4,20.6,35.0,0.0,,,15.2,,1010.7,,images\img_2023-11-15_-23.5505_-46.6333.png
2023-11-16,27.5,20.1,33.9,0.0,,,12.9,,1008.3,,images\img_2023-11-16_-23.5505_-46.6333.png
2023-11-17,28.5,22.2,34.8,0.0,,,13.6,,1007.7,,images\img_2023-11-17_-23.5505_-46.6333.png
2023-11-18,28.5,24.1,34.7,0.9,,,19.0,,1008.3,,images\img_2023-11-18_-23.5505_-46.6333.png
2023-11-19,22.1,19.2,25.7,9.4,,,15.6,,1013.9,,images\img_2023-11-19_-23.5505_-46.6333.png
2023-11-20,20.8,18.5,25.0,1.9,,,19.0,,1015.4,,images\img_2023-11-20_-23.5505_-46.6333.png
2023-11-21,22.8,18.2,29.7,3.7,,,11.9,,1012.7,,images\img_2023-11-21_-23.5505_-46.6333.png
2023-11-22,24.2,20.0,29.9,10.0,,,14.9,,1010.8,,images\img_2023-11-22_-23.5505_-46.6333.png
2023-11-23,23.2,20.2,27.1,9.7,,,17.7,,1013.6,,images\img_2023-11-23_-23.5505_-46.6333.png
2023-11-24,18.0,16.4,19.9,14.2,,,20.1,,1020.0,,images\img_2023-11-24_-23.5505_-46.6333.png
2023-11-25,16.9,15.3,20.4,0.2,,,18.5,,1019.7,,images\img_2023-11-25_-23.5505_-46.6333.png
2023-11-26,18.5,14.8,23.2,0.6,,,14.9,,1018.0,,images\img_2023-11-26_-23.5505_-46.6333.png
2023-11-27,20.6,16.8,25.9,6.1,,,9.4,,1017.7,,images\img_2023-11-27_-23.5505_-46.6333.png
2023-11-28,21.8,18.4,27.2,24.4,,,11.7,,1015.0,,images\img_2023-11-28_-23.5505_-46.6333.png
2023-11-29,22.6,19.8,27.5,11.3,,,18.9,,1012.0,,images\img_2023-11-29_-23.5505_-46.6333.png
2023-11-30,22.4,19.1,27.2,1.5,,,14.2,,1012.7,,images\img_2023-11-30_-23.5505_-46.6333.png
2023-12-01,22.4,19.0,28.5,0.0,,,10.1,,1013.8,,images\img_2023-12-01_-23.5505_-46.6333.png
2023-12-02,23.2,18.2,30.2,0.0,,,7.4,,1012.2,,images\img_2023-12-02_-23.5505_-46.6333.png
2023-12-03,23.0,17.3,31.0,0.0,,,8.6,,1011.2,,images\img_2023-12-03_-23.5505_-46.6333.png
2023-12-04,22.6,17.9,29.6,0.7,,,11.8,,1014.0,,images\img_2023-12-04_-23.5505_-46.6333.png
2023-12-05,22.6,20.1,26.8,3.7,,,11.9,,1016.6,,images\img_2023-12-05_-23.5505_-46.6333.png
2023-12-06,23.9,19.3,29.9,5.9,,,8.9,,1015.0,,images\img_2023-12-06_-23.5505_-46.6333.png
2023-12-07,25.2,21.0,31.5,25.5,,,11.7,,1013.3,,images\img_2023-12-07_-23.5505_-46.6333.png
2023-12-08,22.2,18.8,29.1,16.2,,,14.9,,1015.1,,images\img_2023-12-08_-23.5505_-46.6333.png
2023-12-09,19.2,17.2,21.2,0.9,,,20.7,,1017.3,,images\img_2023-12-09_-23.5505_-46.6333.png
2023-12-10,19.8,15.4,24.8,0.2,,,16.1,,1015.4,,images\img_2023-12-10_-23.5505_-46.6333.png
2023-12-11,20.8,17.4,28.4,11.4,,,17.0,,1012.8,,images\img_2023-12-11_-23.5505_-46.6333.png
2023-12-12,19.3,15.9,23.6,0.0,,,15.1,,1017.8,,images\img_2023-12-12_-23.5505_-46.6333.png
2023-12-13,20.5,14.8,28.1,0.0,,,11.8,,1015.5,,images\img_2023-12-13_-23.5505_-46.6333.png
2023-12-14,22.9,17.5,31.3,0.0,,,12.9,,1013.7,,images\img_2023-12-14_-23.5505_-46.6333.png
2023-12-15,24.1,18.9,31.3,0.3,,,10.8,,1014.4,,images\img_2023-12-15_-23.5505_-46.6333.png
2023-12-16,24.8,19.1,31.3,0.4,,,9.9,,1014.2,,images\img_2023-12-16_-23.5505_-46.6333.png
2023-12-17,24.6,20.4,30.6,1.0,,,11.0,,1013.0,,images\img_2023-12-17_-23.5505_-46.6333.png
2023-12-18,23.4,19.2,29.9,0.8,,,12.3,,1011.1,,images\img_2023-12-18_-23.5505_-46.6333.png
2023-12-19,22.2,17.9,29.7,0.0,,,15.6,,1010.2,,images\img_2023-12-19_-23.5505_-46.6333.png
2023-12-20,21.2,16.0,28.2,0.0,,,17.5,,1012.5,,images\img_2023-12-20_-23.5505_-46.6333.png
2023-12-21,22.5,16.8,29.8,1.5,,,13.7,,1013.9,,images\img_2023-12-21_-23.5505_-46.6333.png
2023-12-22,23.9,18.7,31.4,9.2,,,11.6,,1013.4,,images\img_2023-12-22_-23.5505_-46.6333.png
2023-12-23,22.7,18.5,29.0,14.0,,,10.4,,1013.6,,images\img_2023-12-23_-23.5505_-46.6333.png
2023-12-24,23.5,19.3,28.9,0.3,,,12.6,,1013.4,,images\img_2023-12-24_-23.5505_-46.6333.png
2023-12-25,25.2,18.7,31.5,0.0,,,12.7,,1012.6,,images\img_2023-12-25_-23.5505_-46.6333.png
2023-12-26,23.2,19.0,28.5,1.9,,,15.2,,1013.7,,images\img_2023-12-26_-23.5505_-46.6333.png
2023-12-27,19.9,16.3,25.2,0.0,,,16.3,,1017.1,,images\img_2023-12-27_-23.5505_-46.6333.png
2023-12-28,21.6,14.7,30.0,0.0,,,11.4,,1015.1,,images\img_2023-12-28_-23.5505_-46.6333.png
2023-12-29,25.7,17.0,33.7,0.0,,,12.9,,1011.3,,images\img_2023-12-29_-23.5505_-46.6333.png
2023-12-30,21.8,18.3,23.9,1.5,,,20.5,,1014.8,,images\img_2023-12-30_-23.5505_-46.6333.png
2023-12-31,20.7,15.8,27.7,0.1,,,18.8,,1016.1,,images\img_2023-12-31_-23.5505_-46.6333.png
